LEMMA	MSD	INF_G	INF_P
iscrtati	V;PRS;NOM(3;SG)	iscrtam	iscrtam
šikljati	V;PRS;NOM(3;SG)	šikljam	šikljam
izredati	V;PRS;NOM(3;SG)	izredam	izredam
ojačati	V;PRS;NOM(3;SG)	ojačam	ojačam
vulgarizirati	V;PRS;NOM(3;SG)	vulgariziram	vulgariziram
raskrinkati	V;PRS;NOM(3;SG)	raskrinkam	raskrinkam
preneražavati	V;PRS;NOM(3;SG)	preneražavam	preneražavam
prodati	V;PRS;NOM(3;SG)	prodam	prodam
dremuckati	V;PRS;NOM(3;SG)	dremuckam	dremuckam
skicirati	V;PRS;NOM(3;SG)	skiciram	skiciram
gluparati	V;PRS;NOM(3;SG)	gluparam	gluparam
parati	V;PRS;NOM(3;SG)	param	param
događati	V;PRS;NOM(3;SG)	događam	događam
pridodati	V;PRS;NOM(3;SG)	pridodam	pridodam
natrpati	V;PRS;NOM(3;SG)	natrpam	natrpam
istjerati	V;PRS;NOM(3;SG)	istjeram	istjeram
habati	V;PRS;NOM(3;SG)	habam	habam
patentirati	V;PRS;NOM(3;SG)	patentiram	patentiram
slušati	V;PRS;NOM(3;SG)	slušam	slušam
etiketirati	V;PRS;NOM(3;SG)	etiketiram	etiketiram
klistirati	V;PRS;NOM(3;SG)	klistiram	klistiram
nadvladati	V;PRS;NOM(3;SG)	nadvladam	nadvladam
iskušati	V;PRS;NOM(3;SG)	iskušam	iskušam
šutirati	V;PRS;NOM(3;SG)	šutiram	šutiram
dokidati	V;PRS;NOM(3;SG)	dokidam	dokidam
izostavljati	V;PRS;NOM(3;SG)	izostavljam	izostavljam
verificirati	V;PRS;NOM(3;SG)	verificiram	verificiram
drukati	V;PRS;NOM(3;SG)	drukam	drukam
ukomponirati	V;PRS;NOM(3;SG)	ukomponiram	ukomponiram
gradirati	V;PRS;NOM(3;SG)	gradiram	gradiram
ugađati	V;PRS;NOM(3;SG)	ugađam	ugađam
inzistirati	V;PRS;NOM(3;SG)	inzistiram	inzistiram
skončavati	V;PRS;NOM(3;SG)	skončavam	skončavam
iskuhavati	V;PRS;NOM(3;SG)	iskuhavam	iskuhavam
prokartati	V;PRS;NOM(3;SG)	prokartam	prokartam
odgajati	V;PRS;NOM(3;SG)	odgajam	odgajam
testirati	V;PRS;NOM(3;SG)	testiram	testiram
spiritualizirati	V;PRS;NOM(3;SG)	spiritualiziram	spiritualiziram
mucati	V;PRS;NOM(3;SG)	mucam	mucam
diskreditirati	V;PRS;NOM(3;SG)	diskreditiram	diskreditiram
buncati	V;PRS;NOM(3;SG)	buncam	buncam
propagirati	V;PRS;NOM(3;SG)	propagiram	propagiram
rasprčkavati	V;PRS;NOM(3;SG)	rasprčkavam	rasprčkavam
blagoslivljati	V;PRS;NOM(3;SG)	blagoslivljam	blagoslivljam
natucati	V;PRS;NOM(3;SG)	natucam	natucam
dotiskati	V;PRS;NOM(3;SG)	dotiskam	dotiskam
izučavati	V;PRS;NOM(3;SG)	izučavam	izučavam
pačati	V;PRS;NOM(3;SG)	pačam	pačam
prignati	V;PRS;NOM(3;SG)	prignam	prignam
nadimati	V;PRS;NOM(3;SG)	nadimam	nadimam
indicirati	V;PRS;NOM(3;SG)	indiciram	indiciram
nastupati	V;PRS;NOM(3;SG)	nastupam	nastupam
oslobađati	V;PRS;NOM(3;SG)	oslobađam	oslobađam
kapkati	V;PRS;NOM(3;SG)	kapkam	kapkam
isteturati	V;PRS;NOM(3;SG)	isteturam	isteturam
robijati	V;PRS;NOM(3;SG)	robijam	robijam
majorizirati	V;PRS;NOM(3;SG)	majoriziram	majoriziram
ograničavati	V;PRS;NOM(3;SG)	ograničavam	ograničavam
koracati	V;PRS;NOM(3;SG)	koracam	koracam
kodificirati	V;PRS;NOM(3;SG)	kodificiram	kodificiram
legalizirati	V;PRS;NOM(3;SG)	legaliziram	legaliziram
odšuljati	V;PRS;NOM(3;SG)	odšuljam	odšuljam
mreškati	V;PRS;NOM(3;SG)	mreškam	mreškam
poklapati	V;PRS;NOM(3;SG)	poklapam	poklapam
čupati	V;PRS;NOM(3;SG)	čupam	čupam
savladati	V;PRS;NOM(3;SG)	savladam	savladam
zgrušati	V;PRS;NOM(3;SG)	zgrušam	zgrušam
očupati	V;PRS;NOM(3;SG)	očupam	očupam
rešetati	V;PRS;NOM(3;SG)	rešetam	rešetam
okrivljavati	V;PRS;NOM(3;SG)	okrivljavam	okrivljavam
komentirati	V;PRS;NOM(3;SG)	komentiram	komentiram
ispitati	V;PRS;NOM(3;SG)	ispitam	ispitam
šmrcati	V;PRS;NOM(3;SG)	šmrcam	šmrcam
prikrpati	V;PRS;NOM(3;SG)	prikrpam	prikrpam
odvijati	V;PRS;NOM(3;SG)	odvijam	odvijam
ispeljati	V;PRS;NOM(3;SG)	ispeljam	ispeljam
nukati	V;PRS;NOM(3;SG)	nukam	nukam
deverati	V;PRS;NOM(3;SG)	deveram	deveram
petljati	V;PRS;NOM(3;SG)	petljam	petljam
razigrati	V;PRS;NOM(3;SG)	razigram	razigram
participirati	V;PRS;NOM(3;SG)	participiram	participiram
nalijevati	V;PRS;NOM(3;SG)	nalijevam	nalijevam
rascjepkavati	V;PRS;NOM(3;SG)	rascjepkavam	rascjepkavam
osposobljavati	V;PRS;NOM(3;SG)	osposobljavam	osposobljavam
funkcionirati	V;PRS;NOM(3;SG)	funkcioniram	funkcioniram
iskradati	V;PRS;NOM(3;SG)	iskradam	iskradam
natrljati	V;PRS;NOM(3;SG)	natrljam	natrljam
dijagnosticirati	V;PRS;NOM(3;SG)	dijagnosticiram	dijagnosticiram
zamatati	V;PRS;NOM(3;SG)	zamatam	zamatam
zapucati	V;PRS;NOM(3;SG)	zapucam	zapucam
oživljavati	V;PRS;NOM(3;SG)	oživljavam	oživljavam
ovijati	V;PRS;NOM(3;SG)	ovijam	ovijam
prognati	V;PRS;NOM(3;SG)	prognam	prognam
išamarati	V;PRS;NOM(3;SG)	išamaram	išamaram
zapošljavati	V;PRS;NOM(3;SG)	zapošljavam	zapošljavam
razmotavati	V;PRS;NOM(3;SG)	razmotavam	razmotavam
psihologizirati	V;PRS;NOM(3;SG)	psihologiziram	psihologiziram
subordinirati	V;PRS;NOM(3;SG)	subordiniram	subordiniram
nagovještavati	V;PRS;NOM(3;SG)	nagovještavam	nagovještavam
iskoprcati	V;PRS;NOM(3;SG)	iskoprcam	iskoprcam
panirati	V;PRS;NOM(3;SG)	paniram	paniram
batrgati	V;PRS;NOM(3;SG)	batrgam	batrgam
uvećavati	V;PRS;NOM(3;SG)	uvećavam	uvećavam
podragati	V;PRS;NOM(3;SG)	podragam	podragam
citirati	V;PRS;NOM(3;SG)	citiram	citiram
istupati	V;PRS;NOM(3;SG)	istupam	istupam
ispaštati	V;PRS;NOM(3;SG)	ispaštam	ispaštam
locirati	V;PRS;NOM(3;SG)	lociram	lociram
šljakati	V;PRS;NOM(3;SG)	šljakam	šljakam
dodvoravati	V;PRS;NOM(3;SG)	dodvoravam	dodvoravam
smatrati	V;PRS;NOM(3;SG)	smatram	smatram
parirati	V;PRS;NOM(3;SG)	pariram	pariram
oskudijevati	V;PRS;NOM(3;SG)	oskudijevam	oskudijevam
štopati	V;PRS;NOM(3;SG)	štopam	štopam
oribati	V;PRS;NOM(3;SG)	oribam	oribam
namotati	V;PRS;NOM(3;SG)	namotam	namotam
olakšavati	V;PRS;NOM(3;SG)	olakšavam	olakšavam
izudarati	V;PRS;NOM(3;SG)	izudaram	izudaram
perpetuirati	V;PRS;NOM(3;SG)	perpetuiram	perpetuiram
posipati	V;PRS;NOM(3;SG)	posipam	posipam
pripovijedati	V;PRS;NOM(3;SG)	pripovijedam	pripovijedam
dezinficirati	V;PRS;NOM(3;SG)	dezinficiram	dezinficiram
odbijati	V;PRS;NOM(3;SG)	odbijam	odbijam
podraškati	V;PRS;NOM(3;SG)	podraškam	podraškam
klijati	V;PRS;NOM(3;SG)	klijam	klijam
krzmati	V;PRS;NOM(3;SG)	krzmam	krzmam
biti	V;PRS;NOM(3;SG)	bim	bim
tužakati	V;PRS;NOM(3;SG)	tužakam	tužakam
pipati	V;PRS;NOM(3;SG)	pipam	pipam
salutirati	V;PRS;NOM(3;SG)	salutiram	salutiram
začaravati	V;PRS;NOM(3;SG)	začaravam	začaravam
istrljati	V;PRS;NOM(3;SG)	istrljam	istrljam
sastajati	V;PRS;NOM(3;SG)	sastajam	sastajam
saznati	V;PRS;NOM(3;SG)	saznam	saznam
kukičati	V;PRS;NOM(3;SG)	kukičam	kukičam
obećavati	V;PRS;NOM(3;SG)	obećavam	obećavam
konceptualizirati	V;PRS;NOM(3;SG)	konceptualiziram	konceptualiziram
pregovarati	V;PRS;NOM(3;SG)	pregovaram	pregovaram
ribati	V;PRS;NOM(3;SG)	ribam	ribam
upoznati	V;PRS;NOM(3;SG)	upoznam	upoznam
rješavati	V;PRS;NOM(3;SG)	rješavam	rješavam
prskati	V;PRS;NOM(3;SG)	prskam	prskam
isparivati	V;PRS;NOM(3;SG)	isparivam	isparivam
pljeskati	V;PRS;NOM(3;SG)	pljeskam	pljeskam
pozatvarati	V;PRS;NOM(3;SG)	pozatvaram	pozatvaram
naguravati	V;PRS;NOM(3;SG)	naguravam	naguravam
centralizirati	V;PRS;NOM(3;SG)	centraliziram	centraliziram
zbrzati	V;PRS;NOM(3;SG)	zbrzam	zbrzam
žacati	V;PRS;NOM(3;SG)	žacam	žacam
mozgati	V;PRS;NOM(3;SG)	mozgam	mozgam
otežavati	V;PRS;NOM(3;SG)	otežavam	otežavam
prolongirati	V;PRS;NOM(3;SG)	prolongiram	prolongiram
raštrkati	V;PRS;NOM(3;SG)	raštrkam	raštrkam
pripadati	V;PRS;NOM(3;SG)	pripadam	pripadam
legitimirati	V;PRS;NOM(3;SG)	legitimiram	legitimiram
razmatrati	V;PRS;NOM(3;SG)	razmatram	razmatram
ošišati	V;PRS;NOM(3;SG)	ošišam	ošišam
lemati	V;PRS;NOM(3;SG)	lemam	lemam
ukalkulirati	V;PRS;NOM(3;SG)	ukalkuliram	ukalkuliram
išibati	V;PRS;NOM(3;SG)	išibam	išibam
projektirati	V;PRS;NOM(3;SG)	projektiram	projektiram
perforirati	V;PRS;NOM(3;SG)	perforiram	perforiram
osporavati	V;PRS;NOM(3;SG)	osporavam	osporavam
intervjuirati	V;PRS;NOM(3;SG)	intervjuiram	intervjuiram
zaustavljati	V;PRS;NOM(3;SG)	zaustavljam	zaustavljam
varati	V;PRS;NOM(3;SG)	varam	varam
porađati	V;PRS;NOM(3;SG)	porađam	porađam
drenirati	V;PRS;NOM(3;SG)	dreniram	dreniram
razbrbljati	V;PRS;NOM(3;SG)	razbrbljam	razbrbljam
izbjegavati	V;PRS;NOM(3;SG)	izbjegavam	izbjegavam
raspakirati	V;PRS;NOM(3;SG)	raspakiram	raspakiram
obzidati	V;PRS;NOM(3;SG)	obzidam	obzidam
nabijati	V;PRS;NOM(3;SG)	nabijam	nabijam
uviđati	V;PRS;NOM(3;SG)	uviđam	uviđam
emitirati	V;PRS;NOM(3;SG)	emitiram	emitiram
simpatizirati	V;PRS;NOM(3;SG)	simpatiziram	simpatiziram
domišljati	V;PRS;NOM(3;SG)	domišljam	domišljam
spočitavati	V;PRS;NOM(3;SG)	spočitavam	spočitavam
pokidati	V;PRS;NOM(3;SG)	pokidam	pokidam
muljati	V;PRS;NOM(3;SG)	muljam	muljam
kastrirati	V;PRS;NOM(3;SG)	kastriram	kastriram
volontirati	V;PRS;NOM(3;SG)	volontiram	volontiram
rasipati	V;PRS;NOM(3;SG)	rasipam	rasipam
snimati	V;PRS;NOM(3;SG)	snimam	snimam
razbacati	V;PRS;NOM(3;SG)	razbacam	razbacam
paginirati	V;PRS;NOM(3;SG)	paginiram	paginiram
razvrgavati	V;PRS;NOM(3;SG)	razvrgavam	razvrgavam
posvajati	V;PRS;NOM(3;SG)	posvajam	posvajam
proskribirati	V;PRS;NOM(3;SG)	proskribiram	proskribiram
nahodati	V;PRS;NOM(3;SG)	nahodam	nahodam
ojačavati	V;PRS;NOM(3;SG)	ojačavam	ojačavam
pucketati	V;PRS;NOM(3;SG)	pucketam	pucketam
terorizirati	V;PRS;NOM(3;SG)	teroriziram	teroriziram
uljepšavati	V;PRS;NOM(3;SG)	uljepšavam	uljepšavam
senzibilizirati	V;PRS;NOM(3;SG)	senzibiliziram	senzibiliziram
izgustirati	V;PRS;NOM(3;SG)	izgustiram	izgustiram
ojkati	V;PRS;NOM(3;SG)	ojkam	ojkam
kombinirati	V;PRS;NOM(3;SG)	kombiniram	kombiniram
podlokavati	V;PRS;NOM(3;SG)	podlokavam	podlokavam
nagruvati	V;PRS;NOM(3;SG)	nagruvam	nagruvam
divergirati	V;PRS;NOM(3;SG)	divergiram	divergiram
probavljati	V;PRS;NOM(3;SG)	probavljam	probavljam
lelujati	V;PRS;NOM(3;SG)	lelujam	lelujam
odmotati	V;PRS;NOM(3;SG)	odmotam	odmotam
špartati	V;PRS;NOM(3;SG)	špartam	špartam
kartati	V;PRS;NOM(3;SG)	kartam	kartam
karati	V;PRS;NOM(3;SG)	karam	karam
aterirati	V;PRS;NOM(3;SG)	ateriram	ateriram
svrdlati	V;PRS;NOM(3;SG)	svrdlam	svrdlam
ispripovijedati	V;PRS;NOM(3;SG)	ispripovijedam	ispripovijedam
dodijati	V;PRS;NOM(3;SG)	dodijam	dodijam
drljati	V;PRS;NOM(3;SG)	drljam	drljam
saslušati	V;PRS;NOM(3;SG)	saslušam	saslušam
dozvoljavati	V;PRS;NOM(3;SG)	dozvoljavam	dozvoljavam
dragati	V;PRS;NOM(3;SG)	dragam	dragam
paktirati	V;PRS;NOM(3;SG)	paktiram	paktiram
udvarati	V;PRS;NOM(3;SG)	udvaram	udvaram
nabadati	V;PRS;NOM(3;SG)	nabadam	nabadam
urbanizirati	V;PRS;NOM(3;SG)	urbaniziram	urbaniziram
opričati	V;PRS;NOM(3;SG)	opričam	opričam
batinati	V;PRS;NOM(3;SG)	batinam	batinam
šakati	V;PRS;NOM(3;SG)	šakam	šakam
polupati	V;PRS;NOM(3;SG)	polupam	polupam
djelati	V;PRS;NOM(3;SG)	djelam	djelam
iskzcati	V;PRS;NOM(3;SG)	iskzcam	iskzcam
ispravljati	V;PRS;NOM(3;SG)	ispravljam	ispravljam
skzhati	V;PRS;NOM(3;SG)	skzham	skzham
tornjati	V;PRS;NOM(3;SG)	tornjam	tornjam
šarmirati	V;PRS;NOM(3;SG)	šarmiram	šarmiram
iskonstruirati	V;PRS;NOM(3;SG)	iskonstruiram	iskonstruiram
namještati	V;PRS;NOM(3;SG)	namještam	namještam
prakticirati	V;PRS;NOM(3;SG)	prakticiram	prakticiram
maltretirati	V;PRS;NOM(3;SG)	maltretiram	maltretiram
golicati	V;PRS;NOM(3;SG)	golicam	golicam
rondati	V;PRS;NOM(3;SG)	rondam	rondam
vraćati	V;PRS;NOM(3;SG)	vraćam	vraćam
podbadati	V;PRS;NOM(3;SG)	podbadam	podbadam
ukoravati	V;PRS;NOM(3;SG)	ukoravam	ukoravam
bonitirati	V;PRS;NOM(3;SG)	bonitiram	bonitiram
zagledati	V;PRS;NOM(3;SG)	zagledam	zagledam
mobilizirati	V;PRS;NOM(3;SG)	mobiliziram	mobiliziram
prišuljati	V;PRS;NOM(3;SG)	prišuljam	prišuljam
pomiješati	V;PRS;NOM(3;SG)	pomiješam	pomiješam
priopćiti	V;PRS;NOM(3;SG)	priopćikem	priopćikem
nasaditi	V;PRS;NOM(3;SG)	nasadim	nasadim
uvažiti	V;PRS;NOM(3;SG)	uvažim	uvažim
odrubiti	V;PRS;NOM(3;SG)	odrubim	odrubim
ukotviti	V;PRS;NOM(3;SG)	ukotvim	ukotvim
izlijepiti	V;PRS;NOM(3;SG)	izlijepim	izlijepim
preložiti	V;PRS;NOM(3;SG)	preložim	preložim
dojiti	V;PRS;NOM(3;SG)	dojim	dojim
pobilježiti	V;PRS;NOM(3;SG)	pobilježim	pobilježim
proknjižiti	V;PRS;NOM(3;SG)	proknjižim	proknjižim
zacrvenjeti	V;PRS;NOM(3;SG)	zacrvenjmem	zacrvenjmem
pobaciti	V;PRS;NOM(3;SG)	pobacim	pobacim
ukipiti	V;PRS;NOM(3;SG)	ukipim	ukipim
uniziti	V;PRS;NOM(3;SG)	unizim	unizim
slijediti	V;PRS;NOM(3;SG)	slijedim	slijedim
dopustiti	V;PRS;NOM(3;SG)	dopustsem	dopustsem
skrutiti	V;PRS;NOM(3;SG)	skrutmem	skrutmem
bušiti	V;PRS;NOM(3;SG)	bušim	bušim
grmjeti	V;PRS;NOM(3;SG)	grmjmem	grmjmem
namagarčiti	V;PRS;NOM(3;SG)	namagarčim	namagarčim
tuliti	V;PRS;NOM(3;SG)	tulim	tulim
zahiriti	V;PRS;NOM(3;SG)	zahirim	zahirim
izglaviti	V;PRS;NOM(3;SG)	izglavim	izglavim
teretiti	V;PRS;NOM(3;SG)	terem	terem
opismeniti	V;PRS;NOM(3;SG)	opismenim	opismenim
rušiti	V;PRS;NOM(3;SG)	rušim	rušim
izjaloviti	V;PRS;NOM(3;SG)	izjalovim	izjalovim
zakzviti	V;PRS;NOM(3;SG)	zakzvim	zakzvim
razmotriti	V;PRS;NOM(3;SG)	razmotrim	razmotrim
kzšiti	V;PRS;NOM(3;SG)	kzšim	kzšim
hvaliti	V;PRS;NOM(3;SG)	hvalim	hvalim
podijeliti	V;PRS;NOM(3;SG)	podijelim	podijelim
najaviti	V;PRS;NOM(3;SG)	najavim	najavim
pridružiti	V;PRS;NOM(3;SG)	pridružim	pridružim
ušoriti	V;PRS;NOM(3;SG)	ušorim	ušorim
vrijediti	V;PRS;NOM(3;SG)	vrijedim	vrijedim
istrošiti	V;PRS;NOM(3;SG)	istrošim	istrošim
kratiti	V;PRS;NOM(3;SG)	kratim	kratim
šištati	V;PRS;NOM(3;SG)	šištam	šištam
resiti	V;PRS;NOM(3;SG)	resim	resim
nadograditi	V;PRS;NOM(3;SG)	nadogradim	nadogradim
hapsiti	V;PRS;NOM(3;SG)	hapsim	hapsim
raspoložiti	V;PRS;NOM(3;SG)	raspoložim	raspoložim
ožednjeti	V;PRS;NOM(3;SG)	ožednjmem	ožednjmem
razletjeti	V;PRS;NOM(3;SG)	razletjmem	razletjmem
pobrojati	V;PRS;NOM(3;SG)	pobrojam	pobrojam
staviti	V;PRS;NOM(3;SG)	stavim	stavim
žudjeti	V;PRS;NOM(3;SG)	žudjmem	žudjmem
zahvaliti	V;PRS;NOM(3;SG)	zahvalim	zahvalim
uresiti	V;PRS;NOM(3;SG)	uresim	uresim
lemiti	V;PRS;NOM(3;SG)	lemim	lemim
kititi	V;PRS;NOM(3;SG)	kitim	kitim
zarušiti	V;PRS;NOM(3;SG)	zarušim	zarušim
pohoditi	V;PRS;NOM(3;SG)	pohodim	pohodim
nastaviti	V;PRS;NOM(3;SG)	nastavim	nastavim
zasvjedočiti	V;PRS;NOM(3;SG)	zasvjedočim	zasvjedočim
odmjeriti	V;PRS;NOM(3;SG)	odmjerim	odmjerim
omasoviti	V;PRS;NOM(3;SG)	omasovim	omasovim
svzbjeti	V;PRS;NOM(3;SG)	svzbjmem	svzbjmem
utoliti	V;PRS;NOM(3;SG)	utolim	utolim
brujati	V;PRS;NOM(3;SG)	brujam	brujam
nataložiti	V;PRS;NOM(3;SG)	nataložim	nataložim
pregaziti	V;PRS;NOM(3;SG)	pregazim	pregazim
zapuniti	V;PRS;NOM(3;SG)	zapunim	zapunim
kilaviti	V;PRS;NOM(3;SG)	kilavim	kilavim
ozloglasiti	V;PRS;NOM(3;SG)	ozloglasim	ozloglasim
iskositi	V;PRS;NOM(3;SG)	iskosim	iskosim
krpiti	V;PRS;NOM(3;SG)	krpim	krpim
isprositi	V;PRS;NOM(3;SG)	isprosim	isprosim
prekupiti	V;PRS;NOM(3;SG)	prekupim	prekupim
ukorijeniti	V;PRS;NOM(3;SG)	ukorijenim	ukorijenim
pridržati	V;PRS;NOM(3;SG)	pridržam	pridržam
ocariniti	V;PRS;NOM(3;SG)	ocarinim	ocarinim
ucviliti	V;PRS;NOM(3;SG)	ucvilim	ucvilim
naslijediti	V;PRS;NOM(3;SG)	naslijedim	naslijedim
spariti	V;PRS;NOM(3;SG)	sparim	sparim
isprazniti	V;PRS;NOM(3;SG)	ispraznim	ispraznim
nagliti	V;PRS;NOM(3;SG)	naglim	naglim
krvariti	V;PRS;NOM(3;SG)	krvarim	krvarim
naperiti	V;PRS;NOM(3;SG)	naperim	naperim
paliti	V;PRS;NOM(3;SG)	palim	palim
omeđiti	V;PRS;NOM(3;SG)	omeđim	omeđim
kamčiti	V;PRS;NOM(3;SG)	kamčim	kamčim
razdijeliti	V;PRS;NOM(3;SG)	razdijelim	razdijelim
pratiti	V;PRS;NOM(3;SG)	pratim	pratim
živjeti	V;PRS;NOM(3;SG)	živjmem	živjmem
zagustiti	V;PRS;NOM(3;SG)	zagustsem	zagustsem
oštetiti	V;PRS;NOM(3;SG)	oštetmem	oštetmem
proizlaziti	V;PRS;NOM(3;SG)	proizlazim	proizlazim
iskorijeniti	V;PRS;NOM(3;SG)	iskorijenim	iskorijenim
sklopiti	V;PRS;NOM(3;SG)	sklopim	sklopim
pješačiti	V;PRS;NOM(3;SG)	pješačim	pješačim
spasiti	V;PRS;NOM(3;SG)	spasim	spasim
okupiti	V;PRS;NOM(3;SG)	okupim	okupim
uozbiljiti	V;PRS;NOM(3;SG)	uozbiljim	uozbiljim
uspaliti	V;PRS;NOM(3;SG)	uspalim	uspalim
dogotoviti	V;PRS;NOM(3;SG)	dogotovim	dogotovim
zapjeniti	V;PRS;NOM(3;SG)	zapjenim	zapjenim
zavlačiti	V;PRS;NOM(3;SG)	zavlačim	zavlačim
naturiti	V;PRS;NOM(3;SG)	naturim	naturim
kasniti	V;PRS;NOM(3;SG)	kasnim	kasnim
pomoriti	V;PRS;NOM(3;SG)	pomorim	pomorim
prelomiti	V;PRS;NOM(3;SG)	prelomim	prelomim
pošašaviti	V;PRS;NOM(3;SG)	pošašavim	pošašavim
kalemiti	V;PRS;NOM(3;SG)	kalemim	kalemim
naseliti	V;PRS;NOM(3;SG)	naselim	naselim
okaniti	V;PRS;NOM(3;SG)	okanim	okanim
uslišiti	V;PRS;NOM(3;SG)	uslišim	uslišim
prikratiti	V;PRS;NOM(3;SG)	prikratim	prikratim
prehraniti	V;PRS;NOM(3;SG)	prehranim	prehranim
popustiti	V;PRS;NOM(3;SG)	popustsem	popustsem
posrebriti	V;PRS;NOM(3;SG)	posrebrim	posrebrim
osiromašiti	V;PRS;NOM(3;SG)	osiromašim	osiromašim
zamijetiti	V;PRS;NOM(3;SG)	zamijetmem	zamijetmem
poraditi	V;PRS;NOM(3;SG)	poradim	poradim
raspremiti	V;PRS;NOM(3;SG)	raspremim	raspremim
ojaditi	V;PRS;NOM(3;SG)	ojadim	ojadim
ishitriti	V;PRS;NOM(3;SG)	ishitrim	ishitrim
kalupiti	V;PRS;NOM(3;SG)	kalupim	kalupim
pariti	V;PRS;NOM(3;SG)	parim	parim
mastiti	V;PRS;NOM(3;SG)	mastsem	mastsem
zuriti	V;PRS;NOM(3;SG)	zurim	zurim
toviti	V;PRS;NOM(3;SG)	tovim	tovim
zgaziti	V;PRS;NOM(3;SG)	zgazim	zgazim
pogaziti	V;PRS;NOM(3;SG)	pogazim	pogazim
sukobiti	V;PRS;NOM(3;SG)	sukobim	sukobim
održati	V;PRS;NOM(3;SG)	održam	održam
urediti	V;PRS;NOM(3;SG)	uredim	uredim
optočiti	V;PRS;NOM(3;SG)	optočim	optočim
graditi	V;PRS;NOM(3;SG)	gradim	gradim
odseliti	V;PRS;NOM(3;SG)	odselim	odselim
bogoraditi	V;PRS;NOM(3;SG)	bogoradim	bogoradim
kotiti	V;PRS;NOM(3;SG)	kotim	kotim
porubiti	V;PRS;NOM(3;SG)	porubim	porubim
zasniježiti	V;PRS;NOM(3;SG)	zasniježim	zasniježim
glušiti	V;PRS;NOM(3;SG)	glušim	glušim
izmožditi	V;PRS;NOM(3;SG)	izmoždim	izmoždim
mokriti	V;PRS;NOM(3;SG)	mokrim	mokrim
prikupiti	V;PRS;NOM(3;SG)	prikupim	prikupim
izmučiti	V;PRS;NOM(3;SG)	izmučim	izmučim
smutiti	V;PRS;NOM(3;SG)	smutmem	smutmem
ježiti	V;PRS;NOM(3;SG)	ježim	ježim
usmrtiti	V;PRS;NOM(3;SG)	usmrtim	usmrtim
gladiti	V;PRS;NOM(3;SG)	gladim	gladim
telaliti	V;PRS;NOM(3;SG)	telalim	telalim
krijumčariti	V;PRS;NOM(3;SG)	krijumčarim	krijumčarim
opaliti	V;PRS;NOM(3;SG)	opalim	opalim
krpariti	V;PRS;NOM(3;SG)	krparim	krparim
zablatiti	V;PRS;NOM(3;SG)	zablatim	zablatim
nagrabiti	V;PRS;NOM(3;SG)	nagrabim	nagrabim
skužiti	V;PRS;NOM(3;SG)	skužim	skužim
preplaviti	V;PRS;NOM(3;SG)	preplavim	preplavim
cmizdriti	V;PRS;NOM(3;SG)	cmizdrim	cmizdrim
zagospodariti	V;PRS;NOM(3;SG)	zagospodarim	zagospodarim
jutriti	V;PRS;NOM(3;SG)	jutrim	jutrim
preplašiti	V;PRS;NOM(3;SG)	preplašim	preplašim
tražiti	V;PRS;NOM(3;SG)	tražim	tražim
kružiti	V;PRS;NOM(3;SG)	kružim	kružim
dodijeliti	V;PRS;NOM(3;SG)	dodijelim	dodijelim
isključiti	V;PRS;NOM(3;SG)	isključim	isključim
prisiliti	V;PRS;NOM(3;SG)	prisilim	prisilim
poludjeti	V;PRS;NOM(3;SG)	poludjmem	poludjmem
izostaviti	V;PRS;NOM(3;SG)	izostavim	izostavim
kriviti	V;PRS;NOM(3;SG)	krivim	krivim
grstiti	V;PRS;NOM(3;SG)	grstsem	grstsem
porazmjestiti	V;PRS;NOM(3;SG)	porazmjestsem	porazmjestsem
zaobilaziti	V;PRS;NOM(3;SG)	zaobilazim	zaobilazim
zagušiti	V;PRS;NOM(3;SG)	zagušim	zagušim
razglasiti	V;PRS;NOM(3;SG)	razglasim	razglasim
štetiti	V;PRS;NOM(3;SG)	štetmem	štetmem
rashladiti	V;PRS;NOM(3;SG)	rashladim	rashladim
zagraditi	V;PRS;NOM(3;SG)	zagradim	zagradim
zabrtviti	V;PRS;NOM(3;SG)	zabrtvim	zabrtvim
priskočiti	V;PRS;NOM(3;SG)	priskočim	priskočim
zaprašiti	V;PRS;NOM(3;SG)	zaprašim	zaprašim
krstariti	V;PRS;NOM(3;SG)	krstarim	krstarim
poraziti	V;PRS;NOM(3;SG)	porazim	porazim
zatreperiti	V;PRS;NOM(3;SG)	zatreperim	zatreperim
kupiti	V;PRS;NOM(3;SG)	kupim	kupim
spremiti	V;PRS;NOM(3;SG)	spremim	spremim
mandaliti	V;PRS;NOM(3;SG)	mandalim	mandalim
zamijesiti	V;PRS;NOM(3;SG)	zamijesim	zamijesim
pregrmjeti	V;PRS;NOM(3;SG)	pregrmjmem	pregrmjmem
prštati	V;PRS;NOM(3;SG)	prštam	prštam
pokupiti	V;PRS;NOM(3;SG)	pokupim	pokupim
pospješiti	V;PRS;NOM(3;SG)	pospješim	pospješim
usplahiriti	V;PRS;NOM(3;SG)	usplahirim	usplahirim
prevaliti	V;PRS;NOM(3;SG)	prevalim	prevalim
grubjeti	V;PRS;NOM(3;SG)	grubjmem	grubjmem
izdovoljiti	V;PRS;NOM(3;SG)	izdovoljim	izdovoljim
nauditi	V;PRS;NOM(3;SG)	naudim	naudim
prigrliti	V;PRS;NOM(3;SG)	prigrlim	prigrlim
izmjeniti	V;PRS;NOM(3;SG)	izmjenim	izmjenim
oličiti	V;PRS;NOM(3;SG)	oličim	oličim
iskupiti	V;PRS;NOM(3;SG)	iskupim	iskupim
pomiriti	V;PRS;NOM(3;SG)	pomirim	pomirim
usrećiti	V;PRS;NOM(3;SG)	usrećikem	usrećikem
žlijebiti	V;PRS;NOM(3;SG)	žlijebim	žlijebim
vztjeti	V;PRS;NOM(3;SG)	vztjmem	vztjmem
zasoliti	V;PRS;NOM(3;SG)	zasolim	zasolim
pretpostaviti	V;PRS;NOM(3;SG)	pretpostavim	pretpostavim
poslaveniti	V;PRS;NOM(3;SG)	poslavenim	poslavenim
podroniti	V;PRS;NOM(3;SG)	podronim	podronim
zakočiti	V;PRS;NOM(3;SG)	zakočim	zakočim
sroditi	V;PRS;NOM(3;SG)	srodim	srodim
zlorabiti	V;PRS;NOM(3;SG)	zlorabim	zlorabim
prirediti	V;PRS;NOM(3;SG)	priredim	priredim
izvztjeti	V;PRS;NOM(3;SG)	izvztjmem	izvztjmem
zakriviti	V;PRS;NOM(3;SG)	zakrivim	zakrivim
letjeti	V;PRS;NOM(3;SG)	letjmem	letjmem
cijeniti	V;PRS;NOM(3;SG)	cijenim	cijenim
odroniti	V;PRS;NOM(3;SG)	odronim	odronim
srediti	V;PRS;NOM(3;SG)	sredim	sredim
primjeriti	V;PRS;NOM(3;SG)	primjerim	primjerim
bubriti	V;PRS;NOM(3;SG)	bubrim	bubrim
mlatiti	V;PRS;NOM(3;SG)	mlatim	mlatim
ležati	V;PRS;NOM(3;SG)	ležam	ležam
povaliti	V;PRS;NOM(3;SG)	povalim	povalim
iskoračiti	V;PRS;NOM(3;SG)	iskoračim	iskoračim
razbuditi	V;PRS;NOM(3;SG)	razbudim	razbudim
javiti	V;PRS;NOM(3;SG)	javim	javim
prozujati	V;PRS;NOM(3;SG)	prozujam	prozujam
žuljati	V;PRS;NOM(3;SG)	žuljam	žuljam
poriti	V;PRS;NOM(3;SG)	porim	porim
potrčati	V;PRS;NOM(3;SG)	potrčam	potrčam
nakititi	V;PRS;NOM(3;SG)	nakitim	nakitim
knjižiti	V;PRS;NOM(3;SG)	knjižim	knjižim
prolomiti	V;PRS;NOM(3;SG)	prolomim	prolomim
prekrižiti	V;PRS;NOM(3;SG)	prekrižim	prekrižim
okopnjeti	V;PRS;NOM(3;SG)	okopnjmem	okopnjmem
istiještiti	V;PRS;NOM(3;SG)	istiještsem	istiještim
protusloviti	V;PRS;NOM(3;SG)	protuslovim	protuslovim
vjetriti	V;PRS;NOM(3;SG)	vjetrim	vjetrim
uraniti	V;PRS;NOM(3;SG)	uranim	uranim
povlačiti	V;PRS;NOM(3;SG)	povlačim	povlačim
podmazivati	V;PRS;NOM(3;SG)	podmazivam	podmazivam
oduljivati	V;PRS;NOM(3;SG)	oduljivam	oduljivam
zavrbovati	V;PRS;NOM(3;SG)	zavrbovam	zavrbovam
nasmijati	V;PRS;NOM(3;SG)	nasmijam	nasmijam
otvrdnjivati	V;PRS;NOM(3;SG)	otvrdnjivam	otvrdnjivam
snužđivati	V;PRS;NOM(3;SG)	snužđivam	snužđivam
zgrijati	V;PRS;NOM(3;SG)	zgrijam	zgrijam
kumovati	V;PRS;NOM(3;SG)	kumovam	kumovam
ismijati	V;PRS;NOM(3;SG)	ismijam	ismijam
objelodanjivati	V;PRS;NOM(3;SG)	objelodanjivam	objelodanjivam
obavješćivati	V;PRS;NOM(3;SG)	obavješćivam	obavješćivam
naviti	V;PRS;NOM(3;SG)	navim	navim
povjerovati	V;PRS;NOM(3;SG)	povjerovam	povjerovam
ocrnjivati	V;PRS;NOM(3;SG)	ocrnjivam	ocrnjivam
posijati	V;PRS;NOM(3;SG)	posijam	posijam
iskupljivati	V;PRS;NOM(3;SG)	iskupljivam	iskupljivam
otpočinjati	V;PRS;NOM(3;SG)	otpočinjam	otpočinjam
razdraživati	V;PRS;NOM(3;SG)	razdraživam	razdraživam
saznavati	V;PRS;NOM(3;SG)	saznavam	saznavam
prosjajivati	V;PRS;NOM(3;SG)	prosjajivam	prosjajivam
potrovati	V;PRS;NOM(3;SG)	potrovam	potrovam
uklješćivati	V;PRS;NOM(3;SG)	uklješćivam	uklješćivam
zakrčivati	V;PRS;NOM(3;SG)	zakrčivam	zakrčivam
urezivati	V;PRS;NOM(3;SG)	urezivam	urezivam
prijateljevati	V;PRS;NOM(3;SG)	prijateljevam	prijateljevam
obrazovati	V;PRS;NOM(3;SG)	obrazovam	obrazovam
ispuhivati	V;PRS;NOM(3;SG)	ispuhivam	ispuhivam
prokapljivati	V;PRS;NOM(3;SG)	prokapljivam	prokapljivam
dopisivati	V;PRS;NOM(3;SG)	dopisivam	dopisivam
pogodovati	V;PRS;NOM(3;SG)	pogodovam	pogodovam
izrugivati	V;PRS;NOM(3;SG)	izrugivam	izrugivam
isušivati	V;PRS;NOM(3;SG)	isušivam	isušivam
učlanjivati	V;PRS;NOM(3;SG)	učlanjivam	učlanjivam
prerezivati	V;PRS;NOM(3;SG)	prerezivam	prerezivam
žalovati	V;PRS;NOM(3;SG)	žalovam	žalovam
stupnjevati	V;PRS;NOM(3;SG)	stupnjevam	stupnjevam
raširivati	V;PRS;NOM(3;SG)	raširivam	raširivam
dokazivati	V;PRS;NOM(3;SG)	dokazivam	dokazivam
doimati	V;PRS;NOM(3;SG)	doimam	doimam
promašivati	V;PRS;NOM(3;SG)	promašivam	promašivam
zaprepašćivati	V;PRS;NOM(3;SG)	zaprepašćivam	zaprepašćivam
priskrbljivati	V;PRS;NOM(3;SG)	priskrbljivam	priskrbljivam
napinjati	V;PRS;NOM(3;SG)	napinjam	napinjam
smanjivati	V;PRS;NOM(3;SG)	smanjivam	smanjivam
skrućivati	V;PRS;NOM(3;SG)	skrućivam	skrućivam
ograđivati	V;PRS;NOM(3;SG)	ograđivam	ograđivam
razjarivati	V;PRS;NOM(3;SG)	razjarivam	razjarivam
načuti	V;PRS;NOM(3;SG)	načmem	načmem
pouzdavati	V;PRS;NOM(3;SG)	pouzdavam	pouzdavam
smućivati	V;PRS;NOM(3;SG)	smućivam	smućivam
sniti	V;PRS;NOM(3;SG)	snim	snim
odliti	V;PRS;NOM(3;SG)	odlim	odlim
trgovati	V;PRS;NOM(3;SG)	trgovam	trgovam
objavljivati	V;PRS;NOM(3;SG)	objavljivam	objavljivam
zaglupljivati	V;PRS;NOM(3;SG)	zaglupljivam	zaglupljivam
utrkivati	V;PRS;NOM(3;SG)	utrkivam	utrkivam
zabiti	V;PRS;NOM(3;SG)	zabim	zabim
dograđivati	V;PRS;NOM(3;SG)	dograđivam	dograđivam
ispsovati	V;PRS;NOM(3;SG)	ispsovam	ispsovam
uznapredovati	V;PRS;NOM(3;SG)	uznapredovam	uznapredovam
zaobljivati	V;PRS;NOM(3;SG)	zaobljivam	zaobljivam
ukoričivati	V;PRS;NOM(3;SG)	ukoričivam	ukoričivam
gostovati	V;PRS;NOM(3;SG)	gostovam	gostovam
oviti	V;PRS;NOM(3;SG)	ovim	ovim
zamračivati	V;PRS;NOM(3;SG)	zamračivam	zamračivam
ustrajati	V;PRS;NOM(3;SG)	ustrajam	ustrajam
podnapiti	V;PRS;NOM(3;SG)	podnapim	podnapim
izrađivati	V;PRS;NOM(3;SG)	izrađivam	izrađivam
izduživati	V;PRS;NOM(3;SG)	izduživam	izduživam
zaređivati	V;PRS;NOM(3;SG)	zaređivam	zaređivam
pristajati	V;PRS;NOM(3;SG)	pristajam	pristajam
potvrđivati	V;PRS;NOM(3;SG)	potvrđivam	potvrđivam
božićevati	V;PRS;NOM(3;SG)	božićevam	božićevam
natkriti	V;PRS;NOM(3;SG)	natkrim	natkrim
prekovati	V;PRS;NOM(3;SG)	prekovam	prekovam
nahrupljivati	V;PRS;NOM(3;SG)	nahrupljivam	nahrupljivam
začuti	V;PRS;NOM(3;SG)	začmem	začmem
hukati	V;PRS;NOM(3;SG)	hukam	hukam
šmrknuti	V;PRS;NOM(3;SG)	šmrknem	šmrknem
nadići	V;PRS;NOM(3;SG)	nadikem	nadikem
isklesati	V;PRS;NOM(3;SG)	isklesam	isklesam
zabosti	V;PRS;NOM(3;SG)	zabosem	zabosem
zderati	V;PRS;NOM(3;SG)	zderam	zderam
poodmaći	V;PRS;NOM(3;SG)	poodmakem	poodmakem
dopirati	V;PRS;NOM(3;SG)	dopiram	dopiram
okretati	V;PRS;NOM(3;SG)	okretam	okretam
susresti	V;PRS;NOM(3;SG)	susresem	susresem
obrecnuti	V;PRS;NOM(3;SG)	obrecnem	obrecnem
umirati	V;PRS;NOM(3;SG)	umiram	umiram
iščeznuti	V;PRS;NOM(3;SG)	iščeznem	iščeznem
prozepsti	V;PRS;NOM(3;SG)	prozenem	prozenem
umuknuti	V;PRS;NOM(3;SG)	umuknem	umuknem
gakati	V;PRS;NOM(3;SG)	gakam	gakam
prozirati	V;PRS;NOM(3;SG)	proziram	proziram
ukinuti	V;PRS;NOM(3;SG)	ukinem	ukinem
ruknuti	V;PRS;NOM(3;SG)	ruknem	ruknem
ljutnuti	V;PRS;NOM(3;SG)	ljutnem	ljutnem
ispolagati	V;PRS;NOM(3;SG)	ispolagam	ispolagam
sklonuti	V;PRS;NOM(3;SG)	sklonem	sklonem
zavući	V;PRS;NOM(3;SG)	zavukem	zavukem
polizati	V;PRS;NOM(3;SG)	polizam	polizam
pripisati	V;PRS;NOM(3;SG)	pripisam	pripisam
odjahati	V;PRS;NOM(3;SG)	odjaham	odjaham
izdupsti	V;PRS;NOM(3;SG)	izdunem	izdunem
posrati	V;PRS;NOM(3;SG)	posram	posram
podlegnuti	V;PRS;NOM(3;SG)	podlegnem	podlegnem
odgristi	V;PRS;NOM(3;SG)	odgrisem	odgrisem
požderati	V;PRS;NOM(3;SG)	požderam	požderam
naviknuti	V;PRS;NOM(3;SG)	naviknem	naviknem
proždirati	V;PRS;NOM(3;SG)	proždiram	proždiram
odrezati	V;PRS;NOM(3;SG)	odrezam	odrezam
izmusti	V;PRS;NOM(3;SG)	izmusem	izmusem
ždrijeti	V;PRS;NOM(3;SG)	ždrem	ždrem
odahnuti	V;PRS;NOM(3;SG)	odahnem	odahnem
domahnuti	V;PRS;NOM(3;SG)	domahnem	domahnem
prikrasti	V;PRS;NOM(3;SG)	prikrasem	prikrasem
zagrcnuti	V;PRS;NOM(3;SG)	zagrcnem	zagrcnem
zasjeći	V;PRS;NOM(3;SG)	zasjekem	zasjekem
zadići	V;PRS;NOM(3;SG)	zadikem	zadikem
zavrtati	V;PRS;NOM(3;SG)	zavrtam	zavrtam
iskati	V;PRS;NOM(3;SG)	iskam	iskam
zastrijeti	V;PRS;NOM(3;SG)	zastrem	zastrem
frktati	V;PRS;NOM(3;SG)	frktam	frktam
zazirati	V;PRS;NOM(3;SG)	zaziram	zaziram
drznuti	V;PRS;NOM(3;SG)	drznem	drznem
uvirati	V;PRS;NOM(3;SG)	uviram	uviram
prometati	V;PRS;NOM(3;SG)	prometam	prometam
izbrisati	V;PRS;NOM(3;SG)	izbrisam	izbrisam
stresti	V;PRS;NOM(3;SG)	stresem	stresem
pregristi	V;PRS;NOM(3;SG)	pregrisem	pregrisem
smaknuti	V;PRS;NOM(3;SG)	smaknem	smaknem
otjecati	V;PRS;NOM(3;SG)	otjecam	otjecam
musti	V;PRS;NOM(3;SG)	musem	musem
cvrcnuti	V;PRS;NOM(3;SG)	cvrcnem	cvrcnem
otesati	V;PRS;NOM(3;SG)	otesam	otesam
vinuti	V;PRS;NOM(3;SG)	vinem	vinem
isplakati	V;PRS;NOM(3;SG)	isplakam	isplakam
dokinuti	V;PRS;NOM(3;SG)	dokinem	dokinem
dotaći	V;PRS;NOM(3;SG)	dotakem	dotakem
nalijegati	V;PRS;NOM(3;SG)	nalijegam	nalijegam
izvući	V;PRS;NOM(3;SG)	izvukem	izvukem
sapeti	V;PRS;NOM(3;SG)	sapmem	sapmem
nadoći	V;PRS;NOM(3;SG)	nadokem	nadokem
priteći	V;PRS;NOM(3;SG)	pritekem	pritekem
umrijeti	V;PRS;NOM(3;SG)	umrem	umrem
razrasti	V;PRS;NOM(3;SG)	razrasem	razrasem
nagristi	V;PRS;NOM(3;SG)	nagrisem	nagrisem
potpisati	V;PRS;NOM(3;SG)	potpisam	potpisam
izvesti	V;PRS;NOM(3;SG)	izvesem	izvesem
iskrasti	V;PRS;NOM(3;SG)	iskrasem	iskrasem
odgonetnuti	V;PRS;NOM(3;SG)	odgonetnem	odgonetnem
odlaknuti	V;PRS;NOM(3;SG)	odlaknem	odlaknem
doprijeti	V;PRS;NOM(3;SG)	doprem	doprem
ižvakati	V;PRS;NOM(3;SG)	ižvakam	ižvakam
zanijekati	V;PRS;NOM(3;SG)	zanijekam	zanijekam
zapeći	V;PRS;NOM(3;SG)	zapekem	zapekem
moći	V;PRS;NOM(3;SG)	mokem	mokem
narisati	V;PRS;NOM(3;SG)	narisam	narisam
nanijeti	V;PRS;NOM(3;SG)	nanijmem	nanijmem
preokretati	V;PRS;NOM(3;SG)	preokretam	preokretam
klopotati	V;PRS;NOM(3;SG)	klopotam	klopotam
doseći	V;PRS;NOM(3;SG)	dosekem	dosekem
protepsti	V;PRS;NOM(3;SG)	protenem	protenem
snaći	V;PRS;NOM(3;SG)	snakem	snakem
razvezati	V;PRS;NOM(3;SG)	razvezam	razvezam
dostići	V;PRS;NOM(3;SG)	dostsem	dostsem
greznuti	V;PRS;NOM(3;SG)	greznem	greznem
okrznuti	V;PRS;NOM(3;SG)	okrznem	okrznem
saprati	V;PRS;NOM(3;SG)	sapram	sapram
pjevnuti	V;PRS;NOM(3;SG)	pjevnem	pjevnem
zavrgnuti	V;PRS;NOM(3;SG)	zavrgnem	zavrgnem
obrtati	V;PRS;NOM(3;SG)	obrtam	obrtam
poći	V;PRS;NOM(3;SG)	pokem	pokem
prerasti	V;PRS;NOM(3;SG)	prerasem	prerasem
obamrijeti	V;PRS;NOM(3;SG)	obamrem	obamrem
odapeti	V;PRS;NOM(3;SG)	odapmem	odapmem
sjesti	V;PRS;NOM(3;SG)	sjesem	sjesem
nakresati	V;PRS;NOM(3;SG)	nakresam	nakresam
zateći	V;PRS;NOM(3;SG)	zatekem	zatekem
pomirisati	V;PRS;NOM(3;SG)	pomirisam	pomirisam
postati	V;PRS;NOM(3;SG)	postam	postam
klizati	V;PRS;NOM(3;SG)	klizam	klizam
minuti	V;PRS;NOM(3;SG)	minem	minem
prasnuti	V;PRS;NOM(3;SG)	prasnem	prasnem
trenuti	V;PRS;NOM(3;SG)	trenem	trenem
izokretati	V;PRS;NOM(3;SG)	izokretam	izokretam
zamahnuti	V;PRS;NOM(3;SG)	zamahnem	zamahnem
poderati	V;PRS;NOM(3;SG)	poderam	poderam
utrnuti	V;PRS;NOM(3;SG)	utrnem	utrnem
uprijeti	V;PRS;NOM(3;SG)	uprem	uprem
primicati	V;PRS;NOM(3;SG)	primicam	primicam
iskazati	V;PRS;NOM(3;SG)	iskazam	iskazam
izorati	V;PRS;NOM(3;SG)	izoram	izoram
zajesti	V;PRS;NOM(3;SG)	zajesem	zajesem
prevagnuti	V;PRS;NOM(3;SG)	prevagnem	prevagnem
virnuti	V;PRS;NOM(3;SG)	virnem	virnem
lizati	V;PRS;NOM(3;SG)	lizam	lizam
nasuti	V;PRS;NOM(3;SG)	nasmem	nasmem
