LEMMA	MSD	INF_G,iscrtati	V;PRS;NOM(3;SG)	iscrtam
iscrtati	V;PRS;NOM(3;SG)	iscrtam,šikljati	V;PRS;NOM(3;SG)	šikljam
šikljati	V;PRS;NOM(3;SG)	šikljam,izredati	V;PRS;NOM(3;SG)	izredam
izredati	V;PRS;NOM(3;SG)	izredam,ojačati	V;PRS;NOM(3;SG)	ojačam
ojačati	V;PRS;NOM(3;SG)	ojačam,vulgarizirati	V;PRS;NOM(3;SG)	vulgariziram
vulgarizirati	V;PRS;NOM(3;SG)	vulgariziram,raskrinkati	V;PRS;NOM(3;SG)	raskrinkam
raskrinkati	V;PRS;NOM(3;SG)	raskrinkam,preneražavati	V;PRS;NOM(3;SG)	preneražavam
preneražavati	V;PRS;NOM(3;SG)	preneražavam,prodati	V;PRS;NOM(3;SG)	prodam
prodati	V;PRS;NOM(3;SG)	prodam,dremuckati	V;PRS;NOM(3;SG)	dremuckam
dremuckati	V;PRS;NOM(3;SG)	dremuckam,skicirati	V;PRS;NOM(3;SG)	skiciram
skicirati	V;PRS;NOM(3;SG)	skiciram,gluparati	V;PRS;NOM(3;SG)	gluparam
gluparati	V;PRS;NOM(3;SG)	gluparam,parati	V;PRS;NOM(3;SG)	param
parati	V;PRS;NOM(3;SG)	param,događati	V;PRS;NOM(3;SG)	događam
događati	V;PRS;NOM(3;SG)	događam,pridodati	V;PRS;NOM(3;SG)	pridodam
pridodati	V;PRS;NOM(3;SG)	pridodam,natrpati	V;PRS;NOM(3;SG)	natrpam
natrpati	V;PRS;NOM(3;SG)	natrpam,istjerati	V;PRS;NOM(3;SG)	istjeram
istjerati	V;PRS;NOM(3;SG)	istjeram,habati	V;PRS;NOM(3;SG)	habam
habati	V;PRS;NOM(3;SG)	habam,patentirati	V;PRS;NOM(3;SG)	patentiram
patentirati	V;PRS;NOM(3;SG)	patentiram,slušati	V;PRS;NOM(3;SG)	slušam
slušati	V;PRS;NOM(3;SG)	slušam,etiketirati	V;PRS;NOM(3;SG)	etiketiram
etiketirati	V;PRS;NOM(3;SG)	etiketiram,klistirati	V;PRS;NOM(3;SG)	klistiram
klistirati	V;PRS;NOM(3;SG)	klistiram,nadvladati	V;PRS;NOM(3;SG)	nadvladam
nadvladati	V;PRS;NOM(3;SG)	nadvladam,iskušati	V;PRS;NOM(3;SG)	iskušam
iskušati	V;PRS;NOM(3;SG)	iskušam,šutirati	V;PRS;NOM(3;SG)	šutiram
šutirati	V;PRS;NOM(3;SG)	šutiram,dokidati	V;PRS;NOM(3;SG)	dokidam
dokidati	V;PRS;NOM(3;SG)	dokidam,izostavljati	V;PRS;NOM(3;SG)	izostavljam
izostavljati	V;PRS;NOM(3;SG)	izostavljam,verificirati	V;PRS;NOM(3;SG)	verificiram
verificirati	V;PRS;NOM(3;SG)	verificiram,drukati	V;PRS;NOM(3;SG)	drukam
drukati	V;PRS;NOM(3;SG)	drukam,ukomponirati	V;PRS;NOM(3;SG)	ukomponiram
ukomponirati	V;PRS;NOM(3;SG)	ukomponiram,gradirati	V;PRS;NOM(3;SG)	gradiram
gradirati	V;PRS;NOM(3;SG)	gradiram,ugađati	V;PRS;NOM(3;SG)	ugađam
ugađati	V;PRS;NOM(3;SG)	ugađam,inzistirati	V;PRS;NOM(3;SG)	inzistiram
inzistirati	V;PRS;NOM(3;SG)	inzistiram,skončavati	V;PRS;NOM(3;SG)	skončavam
skončavati	V;PRS;NOM(3;SG)	skončavam,iskuhavati	V;PRS;NOM(3;SG)	iskuhavam
iskuhavati	V;PRS;NOM(3;SG)	iskuhavam,prokartati	V;PRS;NOM(3;SG)	prokartam
prokartati	V;PRS;NOM(3;SG)	prokartam,odgajati	V;PRS;NOM(3;SG)	odgajam
odgajati	V;PRS;NOM(3;SG)	odgajam,testirati	V;PRS;NOM(3;SG)	testiram
testirati	V;PRS;NOM(3;SG)	testiram,spiritualizirati	V;PRS;NOM(3;SG)	spiritualiziram
spiritualizirati	V;PRS;NOM(3;SG)	spiritualiziram,mucati	V;PRS;NOM(3;SG)	mucam
mucati	V;PRS;NOM(3;SG)	mucam,diskreditirati	V;PRS;NOM(3;SG)	diskreditiram
diskreditirati	V;PRS;NOM(3;SG)	diskreditiram,buncati	V;PRS;NOM(3;SG)	buncam
buncati	V;PRS;NOM(3;SG)	buncam,propagirati	V;PRS;NOM(3;SG)	propagiram
propagirati	V;PRS;NOM(3;SG)	propagiram,rasprčkavati	V;PRS;NOM(3;SG)	rasprčkavam
rasprčkavati	V;PRS;NOM(3;SG)	rasprčkavam,blagoslivljati	V;PRS;NOM(3;SG)	blagoslivljam
blagoslivljati	V;PRS;NOM(3;SG)	blagoslivljam,natucati	V;PRS;NOM(3;SG)	natucam
natucati	V;PRS;NOM(3;SG)	natucam,dotiskati	V;PRS;NOM(3;SG)	dotiskam
dotiskati	V;PRS;NOM(3;SG)	dotiskam,izučavati	V;PRS;NOM(3;SG)	izučavam
izučavati	V;PRS;NOM(3;SG)	izučavam,pačati	V;PRS;NOM(3;SG)	pačam
pačati	V;PRS;NOM(3;SG)	pačam,prignati	V;PRS;NOM(3;SG)	prignam
prignati	V;PRS;NOM(3;SG)	prignam,nadimati	V;PRS;NOM(3;SG)	nadimam
nadimati	V;PRS;NOM(3;SG)	nadimam,indicirati	V;PRS;NOM(3;SG)	indiciram
indicirati	V;PRS;NOM(3;SG)	indiciram,nastupati	V;PRS;NOM(3;SG)	nastupam
nastupati	V;PRS;NOM(3;SG)	nastupam,oslobađati	V;PRS;NOM(3;SG)	oslobađam
oslobađati	V;PRS;NOM(3;SG)	oslobađam,kapkati	V;PRS;NOM(3;SG)	kapkam
kapkati	V;PRS;NOM(3;SG)	kapkam,isteturati	V;PRS;NOM(3;SG)	isteturam
isteturati	V;PRS;NOM(3;SG)	isteturam,robijati	V;PRS;NOM(3;SG)	robijam
robijati	V;PRS;NOM(3;SG)	robijam,majorizirati	V;PRS;NOM(3;SG)	majoriziram
majorizirati	V;PRS;NOM(3;SG)	majoriziram,ograničavati	V;PRS;NOM(3;SG)	ograničavam
ograničavati	V;PRS;NOM(3;SG)	ograničavam,koracati	V;PRS;NOM(3;SG)	koracam
koracati	V;PRS;NOM(3;SG)	koracam,kodificirati	V;PRS;NOM(3;SG)	kodificiram
kodificirati	V;PRS;NOM(3;SG)	kodificiram,legalizirati	V;PRS;NOM(3;SG)	legaliziram
legalizirati	V;PRS;NOM(3;SG)	legaliziram,odšuljati	V;PRS;NOM(3;SG)	odšuljam
odšuljati	V;PRS;NOM(3;SG)	odšuljam,mreškati	V;PRS;NOM(3;SG)	mreškam
mreškati	V;PRS;NOM(3;SG)	mreškam,poklapati	V;PRS;NOM(3;SG)	poklapam
poklapati	V;PRS;NOM(3;SG)	poklapam,čupati	V;PRS;NOM(3;SG)	čupam
čupati	V;PRS;NOM(3;SG)	čupam,savladati	V;PRS;NOM(3;SG)	savladam
savladati	V;PRS;NOM(3;SG)	savladam,zgrušati	V;PRS;NOM(3;SG)	zgrušam
zgrušati	V;PRS;NOM(3;SG)	zgrušam,očupati	V;PRS;NOM(3;SG)	očupam
očupati	V;PRS;NOM(3;SG)	očupam,rešetati	V;PRS;NOM(3;SG)	rešetam
rešetati	V;PRS;NOM(3;SG)	rešetam,okrivljavati	V;PRS;NOM(3;SG)	okrivljavam
okrivljavati	V;PRS;NOM(3;SG)	okrivljavam,komentirati	V;PRS;NOM(3;SG)	komentiram
komentirati	V;PRS;NOM(3;SG)	komentiram,ispitati	V;PRS;NOM(3;SG)	ispitam
ispitati	V;PRS;NOM(3;SG)	ispitam,šmrcati	V;PRS;NOM(3;SG)	šmrcam
šmrcati	V;PRS;NOM(3;SG)	šmrcam,prikrpati	V;PRS;NOM(3;SG)	prikrpam
prikrpati	V;PRS;NOM(3;SG)	prikrpam,odvijati	V;PRS;NOM(3;SG)	odvijam
odvijati	V;PRS;NOM(3;SG)	odvijam,ispeljati	V;PRS;NOM(3;SG)	ispeljam
ispeljati	V;PRS;NOM(3;SG)	ispeljam,nukati	V;PRS;NOM(3;SG)	nukam
nukati	V;PRS;NOM(3;SG)	nukam,deverati	V;PRS;NOM(3;SG)	deveram
deverati	V;PRS;NOM(3;SG)	deveram,petljati	V;PRS;NOM(3;SG)	petljam
petljati	V;PRS;NOM(3;SG)	petljam,razigrati	V;PRS;NOM(3;SG)	razigram
razigrati	V;PRS;NOM(3;SG)	razigram,participirati	V;PRS;NOM(3;SG)	participiram
participirati	V;PRS;NOM(3;SG)	participiram,nalijevati	V;PRS;NOM(3;SG)	nalijevam
nalijevati	V;PRS;NOM(3;SG)	nalijevam,rascjepkavati	V;PRS;NOM(3;SG)	rascjepkavam
rascjepkavati	V;PRS;NOM(3;SG)	rascjepkavam,osposobljavati	V;PRS;NOM(3;SG)	osposobljavam
osposobljavati	V;PRS;NOM(3;SG)	osposobljavam,funkcionirati	V;PRS;NOM(3;SG)	funkcioniram
funkcionirati	V;PRS;NOM(3;SG)	funkcioniram,iskradati	V;PRS;NOM(3;SG)	iskradam
iskradati	V;PRS;NOM(3;SG)	iskradam,natrljati	V;PRS;NOM(3;SG)	natrljam
natrljati	V;PRS;NOM(3;SG)	natrljam,dijagnosticirati	V;PRS;NOM(3;SG)	dijagnosticiram
dijagnosticirati	V;PRS;NOM(3;SG)	dijagnosticiram,zamatati	V;PRS;NOM(3;SG)	zamatam
zamatati	V;PRS;NOM(3;SG)	zamatam,zapucati	V;PRS;NOM(3;SG)	zapucam
zapucati	V;PRS;NOM(3;SG)	zapucam,oživljavati	V;PRS;NOM(3;SG)	oživljavam
oživljavati	V;PRS;NOM(3;SG)	oživljavam,ovijati	V;PRS;NOM(3;SG)	ovijam
ovijati	V;PRS;NOM(3;SG)	ovijam,prognati	V;PRS;NOM(3;SG)	prognam
prognati	V;PRS;NOM(3;SG)	prognam,išamarati	V;PRS;NOM(3;SG)	išamaram
išamarati	V;PRS;NOM(3;SG)	išamaram,zapošljavati	V;PRS;NOM(3;SG)	zapošljavam
zapošljavati	V;PRS;NOM(3;SG)	zapošljavam,razmotavati	V;PRS;NOM(3;SG)	razmotavam
razmotavati	V;PRS;NOM(3;SG)	razmotavam,psihologizirati	V;PRS;NOM(3;SG)	psihologiziram
psihologizirati	V;PRS;NOM(3;SG)	psihologiziram,subordinirati	V;PRS;NOM(3;SG)	subordiniram
subordinirati	V;PRS;NOM(3;SG)	subordiniram,nagovještavati	V;PRS;NOM(3;SG)	nagovještavam
nagovještavati	V;PRS;NOM(3;SG)	nagovještavam,iskoprcati	V;PRS;NOM(3;SG)	iskoprcam
iskoprcati	V;PRS;NOM(3;SG)	iskoprcam,panirati	V;PRS;NOM(3;SG)	paniram
panirati	V;PRS;NOM(3;SG)	paniram,batrgati	V;PRS;NOM(3;SG)	batrgam
batrgati	V;PRS;NOM(3;SG)	batrgam,uvećavati	V;PRS;NOM(3;SG)	uvećavam
uvećavati	V;PRS;NOM(3;SG)	uvećavam,podragati	V;PRS;NOM(3;SG)	podragam
podragati	V;PRS;NOM(3;SG)	podragam,citirati	V;PRS;NOM(3;SG)	citiram
citirati	V;PRS;NOM(3;SG)	citiram,istupati	V;PRS;NOM(3;SG)	istupam
istupati	V;PRS;NOM(3;SG)	istupam,ispaštati	V;PRS;NOM(3;SG)	ispaštam
ispaštati	V;PRS;NOM(3;SG)	ispaštam,locirati	V;PRS;NOM(3;SG)	lociram
locirati	V;PRS;NOM(3;SG)	lociram,šljakati	V;PRS;NOM(3;SG)	šljakam
šljakati	V;PRS;NOM(3;SG)	šljakam,dodvoravati	V;PRS;NOM(3;SG)	dodvoravam
dodvoravati	V;PRS;NOM(3;SG)	dodvoravam,smatrati	V;PRS;NOM(3;SG)	smatram
smatrati	V;PRS;NOM(3;SG)	smatram,parirati	V;PRS;NOM(3;SG)	pariram
parirati	V;PRS;NOM(3;SG)	pariram,oskudijevati	V;PRS;NOM(3;SG)	oskudijevam
oskudijevati	V;PRS;NOM(3;SG)	oskudijevam,štopati	V;PRS;NOM(3;SG)	štopam
štopati	V;PRS;NOM(3;SG)	štopam,oribati	V;PRS;NOM(3;SG)	oribam
oribati	V;PRS;NOM(3;SG)	oribam,namotati	V;PRS;NOM(3;SG)	namotam
namotati	V;PRS;NOM(3;SG)	namotam,olakšavati	V;PRS;NOM(3;SG)	olakšavam
olakšavati	V;PRS;NOM(3;SG)	olakšavam,izudarati	V;PRS;NOM(3;SG)	izudaram
izudarati	V;PRS;NOM(3;SG)	izudaram,perpetuirati	V;PRS;NOM(3;SG)	perpetuiram
perpetuirati	V;PRS;NOM(3;SG)	perpetuiram,posipati	V;PRS;NOM(3;SG)	posipam
posipati	V;PRS;NOM(3;SG)	posipam,pripovijedati	V;PRS;NOM(3;SG)	pripovijedam
pripovijedati	V;PRS;NOM(3;SG)	pripovijedam,dezinficirati	V;PRS;NOM(3;SG)	dezinficiram
dezinficirati	V;PRS;NOM(3;SG)	dezinficiram,odbijati	V;PRS;NOM(3;SG)	odbijam
odbijati	V;PRS;NOM(3;SG)	odbijam,podraškati	V;PRS;NOM(3;SG)	podraškam
podraškati	V;PRS;NOM(3;SG)	podraškam,klijati	V;PRS;NOM(3;SG)	klijam
klijati	V;PRS;NOM(3;SG)	klijam,krzmati	V;PRS;NOM(3;SG)	krzmam
krzmati	V;PRS;NOM(3;SG)	krzmam,biti	V;PRS;NOM(3;SG)	bim
biti	V;PRS;NOM(3;SG)	bim,tužakati	V;PRS;NOM(3;SG)	tužakam
tužakati	V;PRS;NOM(3;SG)	tužakam,pipati	V;PRS;NOM(3;SG)	pipam
pipati	V;PRS;NOM(3;SG)	pipam,salutirati	V;PRS;NOM(3;SG)	salutiram
salutirati	V;PRS;NOM(3;SG)	salutiram,začaravati	V;PRS;NOM(3;SG)	začaravam
začaravati	V;PRS;NOM(3;SG)	začaravam,istrljati	V;PRS;NOM(3;SG)	istrljam
istrljati	V;PRS;NOM(3;SG)	istrljam,sastajati	V;PRS;NOM(3;SG)	sastajam
sastajati	V;PRS;NOM(3;SG)	sastajam,saznati	V;PRS;NOM(3;SG)	saznam
saznati	V;PRS;NOM(3;SG)	saznam,kukičati	V;PRS;NOM(3;SG)	kukičam
kukičati	V;PRS;NOM(3;SG)	kukičam,obećavati	V;PRS;NOM(3;SG)	obećavam
obećavati	V;PRS;NOM(3;SG)	obećavam,konceptualizirati	V;PRS;NOM(3;SG)	konceptualiziram
konceptualizirati	V;PRS;NOM(3;SG)	konceptualiziram,pregovarati	V;PRS;NOM(3;SG)	pregovaram
pregovarati	V;PRS;NOM(3;SG)	pregovaram,ribati	V;PRS;NOM(3;SG)	ribam
ribati	V;PRS;NOM(3;SG)	ribam,upoznati	V;PRS;NOM(3;SG)	upoznam
upoznati	V;PRS;NOM(3;SG)	upoznam,rješavati	V;PRS;NOM(3;SG)	rješavam
rješavati	V;PRS;NOM(3;SG)	rješavam,prskati	V;PRS;NOM(3;SG)	prskam
prskati	V;PRS;NOM(3;SG)	prskam,isparivati	V;PRS;NOM(3;SG)	isparivam
isparivati	V;PRS;NOM(3;SG)	isparivam,pljeskati	V;PRS;NOM(3;SG)	pljeskam
pljeskati	V;PRS;NOM(3;SG)	pljeskam,pozatvarati	V;PRS;NOM(3;SG)	pozatvaram
pozatvarati	V;PRS;NOM(3;SG)	pozatvaram,naguravati	V;PRS;NOM(3;SG)	naguravam
naguravati	V;PRS;NOM(3;SG)	naguravam,centralizirati	V;PRS;NOM(3;SG)	centraliziram
centralizirati	V;PRS;NOM(3;SG)	centraliziram,zbrzati	V;PRS;NOM(3;SG)	zbrzam
zbrzati	V;PRS;NOM(3;SG)	zbrzam,žacati	V;PRS;NOM(3;SG)	žacam
žacati	V;PRS;NOM(3;SG)	žacam,mozgati	V;PRS;NOM(3;SG)	mozgam
mozgati	V;PRS;NOM(3;SG)	mozgam,otežavati	V;PRS;NOM(3;SG)	otežavam
otežavati	V;PRS;NOM(3;SG)	otežavam,prolongirati	V;PRS;NOM(3;SG)	prolongiram
prolongirati	V;PRS;NOM(3;SG)	prolongiram,raštrkati	V;PRS;NOM(3;SG)	raštrkam
raštrkati	V;PRS;NOM(3;SG)	raštrkam,pripadati	V;PRS;NOM(3;SG)	pripadam
pripadati	V;PRS;NOM(3;SG)	pripadam,legitimirati	V;PRS;NOM(3;SG)	legitimiram
legitimirati	V;PRS;NOM(3;SG)	legitimiram,razmatrati	V;PRS;NOM(3;SG)	razmatram
razmatrati	V;PRS;NOM(3;SG)	razmatram,ošišati	V;PRS;NOM(3;SG)	ošišam
ošišati	V;PRS;NOM(3;SG)	ošišam,lemati	V;PRS;NOM(3;SG)	lemam
lemati	V;PRS;NOM(3;SG)	lemam,ukalkulirati	V;PRS;NOM(3;SG)	ukalkuliram
ukalkulirati	V;PRS;NOM(3;SG)	ukalkuliram,išibati	V;PRS;NOM(3;SG)	išibam
išibati	V;PRS;NOM(3;SG)	išibam,projektirati	V;PRS;NOM(3;SG)	projektiram
projektirati	V;PRS;NOM(3;SG)	projektiram,perforirati	V;PRS;NOM(3;SG)	perforiram
perforirati	V;PRS;NOM(3;SG)	perforiram,osporavati	V;PRS;NOM(3;SG)	osporavam
osporavati	V;PRS;NOM(3;SG)	osporavam,intervjuirati	V;PRS;NOM(3;SG)	intervjuiram
intervjuirati	V;PRS;NOM(3;SG)	intervjuiram,zaustavljati	V;PRS;NOM(3;SG)	zaustavljam
zaustavljati	V;PRS;NOM(3;SG)	zaustavljam,varati	V;PRS;NOM(3;SG)	varam
varati	V;PRS;NOM(3;SG)	varam,porađati	V;PRS;NOM(3;SG)	porađam
porađati	V;PRS;NOM(3;SG)	porađam,drenirati	V;PRS;NOM(3;SG)	dreniram
drenirati	V;PRS;NOM(3;SG)	dreniram,razbrbljati	V;PRS;NOM(3;SG)	razbrbljam
razbrbljati	V;PRS;NOM(3;SG)	razbrbljam,izbjegavati	V;PRS;NOM(3;SG)	izbjegavam
izbjegavati	V;PRS;NOM(3;SG)	izbjegavam,raspakirati	V;PRS;NOM(3;SG)	raspakiram
raspakirati	V;PRS;NOM(3;SG)	raspakiram,obzidati	V;PRS;NOM(3;SG)	obzidam
obzidati	V;PRS;NOM(3;SG)	obzidam,nabijati	V;PRS;NOM(3;SG)	nabijam
nabijati	V;PRS;NOM(3;SG)	nabijam,uviđati	V;PRS;NOM(3;SG)	uviđam
uviđati	V;PRS;NOM(3;SG)	uviđam,emitirati	V;PRS;NOM(3;SG)	emitiram
emitirati	V;PRS;NOM(3;SG)	emitiram,simpatizirati	V;PRS;NOM(3;SG)	simpatiziram
simpatizirati	V;PRS;NOM(3;SG)	simpatiziram,domišljati	V;PRS;NOM(3;SG)	domišljam
domišljati	V;PRS;NOM(3;SG)	domišljam,spočitavati	V;PRS;NOM(3;SG)	spočitavam
spočitavati	V;PRS;NOM(3;SG)	spočitavam,pokidati	V;PRS;NOM(3;SG)	pokidam
pokidati	V;PRS;NOM(3;SG)	pokidam,muljati	V;PRS;NOM(3;SG)	muljam
muljati	V;PRS;NOM(3;SG)	muljam,kastrirati	V;PRS;NOM(3;SG)	kastriram
kastrirati	V;PRS;NOM(3;SG)	kastriram,volontirati	V;PRS;NOM(3;SG)	volontiram
volontirati	V;PRS;NOM(3;SG)	volontiram,rasipati	V;PRS;NOM(3;SG)	rasipam
rasipati	V;PRS;NOM(3;SG)	rasipam,snimati	V;PRS;NOM(3;SG)	snimam
snimati	V;PRS;NOM(3;SG)	snimam,razbacati	V;PRS;NOM(3;SG)	razbacam
razbacati	V;PRS;NOM(3;SG)	razbacam,paginirati	V;PRS;NOM(3;SG)	paginiram
paginirati	V;PRS;NOM(3;SG)	paginiram,razvrgavati	V;PRS;NOM(3;SG)	razvrgavam
razvrgavati	V;PRS;NOM(3;SG)	razvrgavam,posvajati	V;PRS;NOM(3;SG)	posvajam
posvajati	V;PRS;NOM(3;SG)	posvajam,proskribirati	V;PRS;NOM(3;SG)	proskribiram
proskribirati	V;PRS;NOM(3;SG)	proskribiram,nahodati	V;PRS;NOM(3;SG)	nahodam
nahodati	V;PRS;NOM(3;SG)	nahodam,ojačavati	V;PRS;NOM(3;SG)	ojačavam
ojačavati	V;PRS;NOM(3;SG)	ojačavam,pucketati	V;PRS;NOM(3;SG)	pucketam
pucketati	V;PRS;NOM(3;SG)	pucketam,terorizirati	V;PRS;NOM(3;SG)	teroriziram
terorizirati	V;PRS;NOM(3;SG)	teroriziram,uljepšavati	V;PRS;NOM(3;SG)	uljepšavam
uljepšavati	V;PRS;NOM(3;SG)	uljepšavam,senzibilizirati	V;PRS;NOM(3;SG)	senzibiliziram
senzibilizirati	V;PRS;NOM(3;SG)	senzibiliziram,izgustirati	V;PRS;NOM(3;SG)	izgustiram
izgustirati	V;PRS;NOM(3;SG)	izgustiram,ojkati	V;PRS;NOM(3;SG)	ojkam
ojkati	V;PRS;NOM(3;SG)	ojkam,kombinirati	V;PRS;NOM(3;SG)	kombiniram
kombinirati	V;PRS;NOM(3;SG)	kombiniram,podlokavati	V;PRS;NOM(3;SG)	podlokavam
podlokavati	V;PRS;NOM(3;SG)	podlokavam,nagruvati	V;PRS;NOM(3;SG)	nagruvam
nagruvati	V;PRS;NOM(3;SG)	nagruvam,divergirati	V;PRS;NOM(3;SG)	divergiram
divergirati	V;PRS;NOM(3;SG)	divergiram,probavljati	V;PRS;NOM(3;SG)	probavljam
probavljati	V;PRS;NOM(3;SG)	probavljam,lelujati	V;PRS;NOM(3;SG)	lelujam
lelujati	V;PRS;NOM(3;SG)	lelujam,odmotati	V;PRS;NOM(3;SG)	odmotam
odmotati	V;PRS;NOM(3;SG)	odmotam,špartati	V;PRS;NOM(3;SG)	špartam
špartati	V;PRS;NOM(3;SG)	špartam,kartati	V;PRS;NOM(3;SG)	kartam
kartati	V;PRS;NOM(3;SG)	kartam,karati	V;PRS;NOM(3;SG)	karam
karati	V;PRS;NOM(3;SG)	karam,aterirati	V;PRS;NOM(3;SG)	ateriram
aterirati	V;PRS;NOM(3;SG)	ateriram,svrdlati	V;PRS;NOM(3;SG)	svrdlam
svrdlati	V;PRS;NOM(3;SG)	svrdlam,ispripovijedati	V;PRS;NOM(3;SG)	ispripovijedam
ispripovijedati	V;PRS;NOM(3;SG)	ispripovijedam,dodijati	V;PRS;NOM(3;SG)	dodijam
dodijati	V;PRS;NOM(3;SG)	dodijam,drljati	V;PRS;NOM(3;SG)	drljam
drljati	V;PRS;NOM(3;SG)	drljam,saslušati	V;PRS;NOM(3;SG)	saslušam
saslušati	V;PRS;NOM(3;SG)	saslušam,dozvoljavati	V;PRS;NOM(3;SG)	dozvoljavam
dozvoljavati	V;PRS;NOM(3;SG)	dozvoljavam,dragati	V;PRS;NOM(3;SG)	dragam
dragati	V;PRS;NOM(3;SG)	dragam,paktirati	V;PRS;NOM(3;SG)	paktiram
paktirati	V;PRS;NOM(3;SG)	paktiram,udvarati	V;PRS;NOM(3;SG)	udvaram
udvarati	V;PRS;NOM(3;SG)	udvaram,nabadati	V;PRS;NOM(3;SG)	nabadam
nabadati	V;PRS;NOM(3;SG)	nabadam,urbanizirati	V;PRS;NOM(3;SG)	urbaniziram
urbanizirati	V;PRS;NOM(3;SG)	urbaniziram,opričati	V;PRS;NOM(3;SG)	opričam
opričati	V;PRS;NOM(3;SG)	opričam,batinati	V;PRS;NOM(3;SG)	batinam
batinati	V;PRS;NOM(3;SG)	batinam,šakati	V;PRS;NOM(3;SG)	šakam
šakati	V;PRS;NOM(3;SG)	šakam,polupati	V;PRS;NOM(3;SG)	polupam
polupati	V;PRS;NOM(3;SG)	polupam,djelati	V;PRS;NOM(3;SG)	djelam
djelati	V;PRS;NOM(3;SG)	djelam,iskzcati	V;PRS;NOM(3;SG)	iskzcam
iskzcati	V;PRS;NOM(3;SG)	iskzcam,ispravljati	V;PRS;NOM(3;SG)	ispravljam
ispravljati	V;PRS;NOM(3;SG)	ispravljam,skzhati	V;PRS;NOM(3;SG)	skzham
skzhati	V;PRS;NOM(3;SG)	skzham,tornjati	V;PRS;NOM(3;SG)	tornjam
tornjati	V;PRS;NOM(3;SG)	tornjam,šarmirati	V;PRS;NOM(3;SG)	šarmiram
šarmirati	V;PRS;NOM(3;SG)	šarmiram,iskonstruirati	V;PRS;NOM(3;SG)	iskonstruiram
iskonstruirati	V;PRS;NOM(3;SG)	iskonstruiram,namještati	V;PRS;NOM(3;SG)	namještam
namještati	V;PRS;NOM(3;SG)	namještam,prakticirati	V;PRS;NOM(3;SG)	prakticiram
prakticirati	V;PRS;NOM(3;SG)	prakticiram,maltretirati	V;PRS;NOM(3;SG)	maltretiram
maltretirati	V;PRS;NOM(3;SG)	maltretiram,golicati	V;PRS;NOM(3;SG)	golicam
golicati	V;PRS;NOM(3;SG)	golicam,rondati	V;PRS;NOM(3;SG)	rondam
rondati	V;PRS;NOM(3;SG)	rondam,vraćati	V;PRS;NOM(3;SG)	vraćam
vraćati	V;PRS;NOM(3;SG)	vraćam,podbadati	V;PRS;NOM(3;SG)	podbadam
podbadati	V;PRS;NOM(3;SG)	podbadam,ukoravati	V;PRS;NOM(3;SG)	ukoravam
ukoravati	V;PRS;NOM(3;SG)	ukoravam,bonitirati	V;PRS;NOM(3;SG)	bonitiram
bonitirati	V;PRS;NOM(3;SG)	bonitiram,zagledati	V;PRS;NOM(3;SG)	zagledam
zagledati	V;PRS;NOM(3;SG)	zagledam,mobilizirati	V;PRS;NOM(3;SG)	mobiliziram
mobilizirati	V;PRS;NOM(3;SG)	mobiliziram,prišuljati	V;PRS;NOM(3;SG)	prišuljam
prišuljati	V;PRS;NOM(3;SG)	prišuljam,pomiješati	V;PRS;NOM(3;SG)	pomiješam
pomiješati	V;PRS;NOM(3;SG)	pomiješam,priopćiti	V;PRS;NOM(3;SG)	priopćikem
priopćiti	V;PRS;NOM(3;SG)	priopćikem,nasaditi	V;PRS;NOM(3;SG)	nasadim
nasaditi	V;PRS;NOM(3;SG)	nasadim,uvažiti	V;PRS;NOM(3;SG)	uvažim
uvažiti	V;PRS;NOM(3;SG)	uvažim,odrubiti	V;PRS;NOM(3;SG)	odrubim
odrubiti	V;PRS;NOM(3;SG)	odrubim,ukotviti	V;PRS;NOM(3;SG)	ukotvim
ukotviti	V;PRS;NOM(3;SG)	ukotvim,izlijepiti	V;PRS;NOM(3;SG)	izlijepim
izlijepiti	V;PRS;NOM(3;SG)	izlijepim,preložiti	V;PRS;NOM(3;SG)	preložim
preložiti	V;PRS;NOM(3;SG)	preložim,dojiti	V;PRS;NOM(3;SG)	dojim
dojiti	V;PRS;NOM(3;SG)	dojim,pobilježiti	V;PRS;NOM(3;SG)	pobilježim
pobilježiti	V;PRS;NOM(3;SG)	pobilježim,proknjižiti	V;PRS;NOM(3;SG)	proknjižim
proknjižiti	V;PRS;NOM(3;SG)	proknjižim,zacrvenjeti	V;PRS;NOM(3;SG)	zacrvenjmem
zacrvenjeti	V;PRS;NOM(3;SG)	zacrvenjmem,pobaciti	V;PRS;NOM(3;SG)	pobacim
pobaciti	V;PRS;NOM(3;SG)	pobacim,ukipiti	V;PRS;NOM(3;SG)	ukipim
ukipiti	V;PRS;NOM(3;SG)	ukipim,uniziti	V;PRS;NOM(3;SG)	unizim
uniziti	V;PRS;NOM(3;SG)	unizim,slijediti	V;PRS;NOM(3;SG)	slijedim
slijediti	V;PRS;NOM(3;SG)	slijedim,dopustiti	V;PRS;NOM(3;SG)	dopustsem
dopustiti	V;PRS;NOM(3;SG)	dopustsem,skrutiti	V;PRS;NOM(3;SG)	skrutmem
skrutiti	V;PRS;NOM(3;SG)	skrutmem,bušiti	V;PRS;NOM(3;SG)	bušim
bušiti	V;PRS;NOM(3;SG)	bušim,grmjeti	V;PRS;NOM(3;SG)	grmjmem
grmjeti	V;PRS;NOM(3;SG)	grmjmem,namagarčiti	V;PRS;NOM(3;SG)	namagarčim
namagarčiti	V;PRS;NOM(3;SG)	namagarčim,tuliti	V;PRS;NOM(3;SG)	tulim
tuliti	V;PRS;NOM(3;SG)	tulim,zahiriti	V;PRS;NOM(3;SG)	zahirim
zahiriti	V;PRS;NOM(3;SG)	zahirim,izglaviti	V;PRS;NOM(3;SG)	izglavim
izglaviti	V;PRS;NOM(3;SG)	izglavim,teretiti	V;PRS;NOM(3;SG)	terem
teretiti	V;PRS;NOM(3;SG)	terem,opismeniti	V;PRS;NOM(3;SG)	opismenim
opismeniti	V;PRS;NOM(3;SG)	opismenim,rušiti	V;PRS;NOM(3;SG)	rušim
rušiti	V;PRS;NOM(3;SG)	rušim,izjaloviti	V;PRS;NOM(3;SG)	izjalovim
izjaloviti	V;PRS;NOM(3;SG)	izjalovim,zakzviti	V;PRS;NOM(3;SG)	zakzvim
zakzviti	V;PRS;NOM(3;SG)	zakzvim,razmotriti	V;PRS;NOM(3;SG)	razmotrim
razmotriti	V;PRS;NOM(3;SG)	razmotrim,kzšiti	V;PRS;NOM(3;SG)	kzšim
kzšiti	V;PRS;NOM(3;SG)	kzšim,hvaliti	V;PRS;NOM(3;SG)	hvalim
hvaliti	V;PRS;NOM(3;SG)	hvalim,podijeliti	V;PRS;NOM(3;SG)	podijelim
podijeliti	V;PRS;NOM(3;SG)	podijelim,najaviti	V;PRS;NOM(3;SG)	najavim
najaviti	V;PRS;NOM(3;SG)	najavim,pridružiti	V;PRS;NOM(3;SG)	pridružim
pridružiti	V;PRS;NOM(3;SG)	pridružim,ušoriti	V;PRS;NOM(3;SG)	ušorim
ušoriti	V;PRS;NOM(3;SG)	ušorim,vrijediti	V;PRS;NOM(3;SG)	vrijedim
vrijediti	V;PRS;NOM(3;SG)	vrijedim,istrošiti	V;PRS;NOM(3;SG)	istrošim
istrošiti	V;PRS;NOM(3;SG)	istrošim,kratiti	V;PRS;NOM(3;SG)	kratim
kratiti	V;PRS;NOM(3;SG)	kratim,šištati	V;PRS;NOM(3;SG)	šištam
šištati	V;PRS;NOM(3;SG)	šištam,resiti	V;PRS;NOM(3;SG)	resim
resiti	V;PRS;NOM(3;SG)	resim,nadograditi	V;PRS;NOM(3;SG)	nadogradim
nadograditi	V;PRS;NOM(3;SG)	nadogradim,hapsiti	V;PRS;NOM(3;SG)	hapsim
hapsiti	V;PRS;NOM(3;SG)	hapsim,raspoložiti	V;PRS;NOM(3;SG)	raspoložim
raspoložiti	V;PRS;NOM(3;SG)	raspoložim,ožednjeti	V;PRS;NOM(3;SG)	ožednjmem
ožednjeti	V;PRS;NOM(3;SG)	ožednjmem,razletjeti	V;PRS;NOM(3;SG)	razletjmem
razletjeti	V;PRS;NOM(3;SG)	razletjmem,pobrojati	V;PRS;NOM(3;SG)	pobrojam
pobrojati	V;PRS;NOM(3;SG)	pobrojam,staviti	V;PRS;NOM(3;SG)	stavim
staviti	V;PRS;NOM(3;SG)	stavim,žudjeti	V;PRS;NOM(3;SG)	žudjmem
žudjeti	V;PRS;NOM(3;SG)	žudjmem,zahvaliti	V;PRS;NOM(3;SG)	zahvalim
zahvaliti	V;PRS;NOM(3;SG)	zahvalim,uresiti	V;PRS;NOM(3;SG)	uresim
uresiti	V;PRS;NOM(3;SG)	uresim,lemiti	V;PRS;NOM(3;SG)	lemim
lemiti	V;PRS;NOM(3;SG)	lemim,kititi	V;PRS;NOM(3;SG)	kitim
kititi	V;PRS;NOM(3;SG)	kitim,zarušiti	V;PRS;NOM(3;SG)	zarušim
zarušiti	V;PRS;NOM(3;SG)	zarušim,pohoditi	V;PRS;NOM(3;SG)	pohodim
pohoditi	V;PRS;NOM(3;SG)	pohodim,nastaviti	V;PRS;NOM(3;SG)	nastavim
nastaviti	V;PRS;NOM(3;SG)	nastavim,zasvjedočiti	V;PRS;NOM(3;SG)	zasvjedočim
zasvjedočiti	V;PRS;NOM(3;SG)	zasvjedočim,odmjeriti	V;PRS;NOM(3;SG)	odmjerim
odmjeriti	V;PRS;NOM(3;SG)	odmjerim,omasoviti	V;PRS;NOM(3;SG)	omasovim
omasoviti	V;PRS;NOM(3;SG)	omasovim,svzbjeti	V;PRS;NOM(3;SG)	svzbjmem
svzbjeti	V;PRS;NOM(3;SG)	svzbjmem,utoliti	V;PRS;NOM(3;SG)	utolim
utoliti	V;PRS;NOM(3;SG)	utolim,brujati	V;PRS;NOM(3;SG)	brujam
brujati	V;PRS;NOM(3;SG)	brujam,nataložiti	V;PRS;NOM(3;SG)	nataložim
nataložiti	V;PRS;NOM(3;SG)	nataložim,pregaziti	V;PRS;NOM(3;SG)	pregazim
pregaziti	V;PRS;NOM(3;SG)	pregazim,zapuniti	V;PRS;NOM(3;SG)	zapunim
zapuniti	V;PRS;NOM(3;SG)	zapunim,kilaviti	V;PRS;NOM(3;SG)	kilavim
kilaviti	V;PRS;NOM(3;SG)	kilavim,ozloglasiti	V;PRS;NOM(3;SG)	ozloglasim
ozloglasiti	V;PRS;NOM(3;SG)	ozloglasim,iskositi	V;PRS;NOM(3;SG)	iskosim
iskositi	V;PRS;NOM(3;SG)	iskosim,krpiti	V;PRS;NOM(3;SG)	krpim
krpiti	V;PRS;NOM(3;SG)	krpim,isprositi	V;PRS;NOM(3;SG)	isprosim
isprositi	V;PRS;NOM(3;SG)	isprosim,prekupiti	V;PRS;NOM(3;SG)	prekupim
prekupiti	V;PRS;NOM(3;SG)	prekupim,ukorijeniti	V;PRS;NOM(3;SG)	ukorijenim
ukorijeniti	V;PRS;NOM(3;SG)	ukorijenim,pridržati	V;PRS;NOM(3;SG)	pridržam
pridržati	V;PRS;NOM(3;SG)	pridržam,ocariniti	V;PRS;NOM(3;SG)	ocarinim
ocariniti	V;PRS;NOM(3;SG)	ocarinim,ucviliti	V;PRS;NOM(3;SG)	ucvilim
ucviliti	V;PRS;NOM(3;SG)	ucvilim,naslijediti	V;PRS;NOM(3;SG)	naslijedim
naslijediti	V;PRS;NOM(3;SG)	naslijedim,spariti	V;PRS;NOM(3;SG)	sparim
spariti	V;PRS;NOM(3;SG)	sparim,isprazniti	V;PRS;NOM(3;SG)	ispraznim
isprazniti	V;PRS;NOM(3;SG)	ispraznim,nagliti	V;PRS;NOM(3;SG)	naglim
nagliti	V;PRS;NOM(3;SG)	naglim,krvariti	V;PRS;NOM(3;SG)	krvarim
krvariti	V;PRS;NOM(3;SG)	krvarim,naperiti	V;PRS;NOM(3;SG)	naperim
naperiti	V;PRS;NOM(3;SG)	naperim,paliti	V;PRS;NOM(3;SG)	palim
paliti	V;PRS;NOM(3;SG)	palim,omeđiti	V;PRS;NOM(3;SG)	omeđim
omeđiti	V;PRS;NOM(3;SG)	omeđim,kamčiti	V;PRS;NOM(3;SG)	kamčim
kamčiti	V;PRS;NOM(3;SG)	kamčim,razdijeliti	V;PRS;NOM(3;SG)	razdijelim
razdijeliti	V;PRS;NOM(3;SG)	razdijelim,pratiti	V;PRS;NOM(3;SG)	pratim
pratiti	V;PRS;NOM(3;SG)	pratim,živjeti	V;PRS;NOM(3;SG)	živjmem
živjeti	V;PRS;NOM(3;SG)	živjmem,zagustiti	V;PRS;NOM(3;SG)	zagustsem
zagustiti	V;PRS;NOM(3;SG)	zagustsem,oštetiti	V;PRS;NOM(3;SG)	oštetmem
oštetiti	V;PRS;NOM(3;SG)	oštetmem,proizlaziti	V;PRS;NOM(3;SG)	proizlazim
proizlaziti	V;PRS;NOM(3;SG)	proizlazim,iskorijeniti	V;PRS;NOM(3;SG)	iskorijenim
iskorijeniti	V;PRS;NOM(3;SG)	iskorijenim,sklopiti	V;PRS;NOM(3;SG)	sklopim
sklopiti	V;PRS;NOM(3;SG)	sklopim,pješačiti	V;PRS;NOM(3;SG)	pješačim
pješačiti	V;PRS;NOM(3;SG)	pješačim,spasiti	V;PRS;NOM(3;SG)	spasim
spasiti	V;PRS;NOM(3;SG)	spasim,okupiti	V;PRS;NOM(3;SG)	okupim
okupiti	V;PRS;NOM(3;SG)	okupim,uozbiljiti	V;PRS;NOM(3;SG)	uozbiljim
uozbiljiti	V;PRS;NOM(3;SG)	uozbiljim,uspaliti	V;PRS;NOM(3;SG)	uspalim
uspaliti	V;PRS;NOM(3;SG)	uspalim,dogotoviti	V;PRS;NOM(3;SG)	dogotovim
dogotoviti	V;PRS;NOM(3;SG)	dogotovim,zapjeniti	V;PRS;NOM(3;SG)	zapjenim
zapjeniti	V;PRS;NOM(3;SG)	zapjenim,zavlačiti	V;PRS;NOM(3;SG)	zavlačim
zavlačiti	V;PRS;NOM(3;SG)	zavlačim,naturiti	V;PRS;NOM(3;SG)	naturim
naturiti	V;PRS;NOM(3;SG)	naturim,kasniti	V;PRS;NOM(3;SG)	kasnim
kasniti	V;PRS;NOM(3;SG)	kasnim,pomoriti	V;PRS;NOM(3;SG)	pomorim
pomoriti	V;PRS;NOM(3;SG)	pomorim,prelomiti	V;PRS;NOM(3;SG)	prelomim
prelomiti	V;PRS;NOM(3;SG)	prelomim,pošašaviti	V;PRS;NOM(3;SG)	pošašavim
pošašaviti	V;PRS;NOM(3;SG)	pošašavim,kalemiti	V;PRS;NOM(3;SG)	kalemim
kalemiti	V;PRS;NOM(3;SG)	kalemim,naseliti	V;PRS;NOM(3;SG)	naselim
naseliti	V;PRS;NOM(3;SG)	naselim,okaniti	V;PRS;NOM(3;SG)	okanim
okaniti	V;PRS;NOM(3;SG)	okanim,uslišiti	V;PRS;NOM(3;SG)	uslišim
uslišiti	V;PRS;NOM(3;SG)	uslišim,prikratiti	V;PRS;NOM(3;SG)	prikratim
prikratiti	V;PRS;NOM(3;SG)	prikratim,prehraniti	V;PRS;NOM(3;SG)	prehranim
prehraniti	V;PRS;NOM(3;SG)	prehranim,popustiti	V;PRS;NOM(3;SG)	popustsem
popustiti	V;PRS;NOM(3;SG)	popustsem,posrebriti	V;PRS;NOM(3;SG)	posrebrim
posrebriti	V;PRS;NOM(3;SG)	posrebrim,osiromašiti	V;PRS;NOM(3;SG)	osiromašim
osiromašiti	V;PRS;NOM(3;SG)	osiromašim,zamijetiti	V;PRS;NOM(3;SG)	zamijetmem
zamijetiti	V;PRS;NOM(3;SG)	zamijetmem,poraditi	V;PRS;NOM(3;SG)	poradim
poraditi	V;PRS;NOM(3;SG)	poradim,raspremiti	V;PRS;NOM(3;SG)	raspremim
raspremiti	V;PRS;NOM(3;SG)	raspremim,ojaditi	V;PRS;NOM(3;SG)	ojadim
ojaditi	V;PRS;NOM(3;SG)	ojadim,ishitriti	V;PRS;NOM(3;SG)	ishitrim
ishitriti	V;PRS;NOM(3;SG)	ishitrim,kalupiti	V;PRS;NOM(3;SG)	kalupim
kalupiti	V;PRS;NOM(3;SG)	kalupim,pariti	V;PRS;NOM(3;SG)	parim
pariti	V;PRS;NOM(3;SG)	parim,mastiti	V;PRS;NOM(3;SG)	mastsem
mastiti	V;PRS;NOM(3;SG)	mastsem,zuriti	V;PRS;NOM(3;SG)	zurim
zuriti	V;PRS;NOM(3;SG)	zurim,toviti	V;PRS;NOM(3;SG)	tovim
toviti	V;PRS;NOM(3;SG)	tovim,zgaziti	V;PRS;NOM(3;SG)	zgazim
zgaziti	V;PRS;NOM(3;SG)	zgazim,pogaziti	V;PRS;NOM(3;SG)	pogazim
pogaziti	V;PRS;NOM(3;SG)	pogazim,sukobiti	V;PRS;NOM(3;SG)	sukobim
sukobiti	V;PRS;NOM(3;SG)	sukobim,održati	V;PRS;NOM(3;SG)	održam
održati	V;PRS;NOM(3;SG)	održam,urediti	V;PRS;NOM(3;SG)	uredim
urediti	V;PRS;NOM(3;SG)	uredim,optočiti	V;PRS;NOM(3;SG)	optočim
optočiti	V;PRS;NOM(3;SG)	optočim,graditi	V;PRS;NOM(3;SG)	gradim
graditi	V;PRS;NOM(3;SG)	gradim,odseliti	V;PRS;NOM(3;SG)	odselim
odseliti	V;PRS;NOM(3;SG)	odselim,bogoraditi	V;PRS;NOM(3;SG)	bogoradim
bogoraditi	V;PRS;NOM(3;SG)	bogoradim,kotiti	V;PRS;NOM(3;SG)	kotim
kotiti	V;PRS;NOM(3;SG)	kotim,porubiti	V;PRS;NOM(3;SG)	porubim
porubiti	V;PRS;NOM(3;SG)	porubim,zasniježiti	V;PRS;NOM(3;SG)	zasniježim
zasniježiti	V;PRS;NOM(3;SG)	zasniježim,glušiti	V;PRS;NOM(3;SG)	glušim
glušiti	V;PRS;NOM(3;SG)	glušim,izmožditi	V;PRS;NOM(3;SG)	izmoždim
izmožditi	V;PRS;NOM(3;SG)	izmoždim,mokriti	V;PRS;NOM(3;SG)	mokrim
mokriti	V;PRS;NOM(3;SG)	mokrim,prikupiti	V;PRS;NOM(3;SG)	prikupim
prikupiti	V;PRS;NOM(3;SG)	prikupim,izmučiti	V;PRS;NOM(3;SG)	izmučim
izmučiti	V;PRS;NOM(3;SG)	izmučim,smutiti	V;PRS;NOM(3;SG)	smutmem
smutiti	V;PRS;NOM(3;SG)	smutmem,ježiti	V;PRS;NOM(3;SG)	ježim
ježiti	V;PRS;NOM(3;SG)	ježim,usmrtiti	V;PRS;NOM(3;SG)	usmrtim
usmrtiti	V;PRS;NOM(3;SG)	usmrtim,gladiti	V;PRS;NOM(3;SG)	gladim
gladiti	V;PRS;NOM(3;SG)	gladim,telaliti	V;PRS;NOM(3;SG)	telalim
telaliti	V;PRS;NOM(3;SG)	telalim,krijumčariti	V;PRS;NOM(3;SG)	krijumčarim
krijumčariti	V;PRS;NOM(3;SG)	krijumčarim,opaliti	V;PRS;NOM(3;SG)	opalim
opaliti	V;PRS;NOM(3;SG)	opalim,krpariti	V;PRS;NOM(3;SG)	krparim
krpariti	V;PRS;NOM(3;SG)	krparim,zablatiti	V;PRS;NOM(3;SG)	zablatim
zablatiti	V;PRS;NOM(3;SG)	zablatim,nagrabiti	V;PRS;NOM(3;SG)	nagrabim
nagrabiti	V;PRS;NOM(3;SG)	nagrabim,skužiti	V;PRS;NOM(3;SG)	skužim
skužiti	V;PRS;NOM(3;SG)	skužim,preplaviti	V;PRS;NOM(3;SG)	preplavim
preplaviti	V;PRS;NOM(3;SG)	preplavim,cmizdriti	V;PRS;NOM(3;SG)	cmizdrim
cmizdriti	V;PRS;NOM(3;SG)	cmizdrim,zagospodariti	V;PRS;NOM(3;SG)	zagospodarim
zagospodariti	V;PRS;NOM(3;SG)	zagospodarim,jutriti	V;PRS;NOM(3;SG)	jutrim
jutriti	V;PRS;NOM(3;SG)	jutrim,preplašiti	V;PRS;NOM(3;SG)	preplašim
preplašiti	V;PRS;NOM(3;SG)	preplašim,tražiti	V;PRS;NOM(3;SG)	tražim
tražiti	V;PRS;NOM(3;SG)	tražim,kružiti	V;PRS;NOM(3;SG)	kružim
kružiti	V;PRS;NOM(3;SG)	kružim,dodijeliti	V;PRS;NOM(3;SG)	dodijelim
dodijeliti	V;PRS;NOM(3;SG)	dodijelim,isključiti	V;PRS;NOM(3;SG)	isključim
isključiti	V;PRS;NOM(3;SG)	isključim,prisiliti	V;PRS;NOM(3;SG)	prisilim
prisiliti	V;PRS;NOM(3;SG)	prisilim,poludjeti	V;PRS;NOM(3;SG)	poludjmem
poludjeti	V;PRS;NOM(3;SG)	poludjmem,izostaviti	V;PRS;NOM(3;SG)	izostavim
izostaviti	V;PRS;NOM(3;SG)	izostavim,kriviti	V;PRS;NOM(3;SG)	krivim
kriviti	V;PRS;NOM(3;SG)	krivim,grstiti	V;PRS;NOM(3;SG)	grstsem
grstiti	V;PRS;NOM(3;SG)	grstsem,porazmjestiti	V;PRS;NOM(3;SG)	porazmjestsem
porazmjestiti	V;PRS;NOM(3;SG)	porazmjestsem,zaobilaziti	V;PRS;NOM(3;SG)	zaobilazim
zaobilaziti	V;PRS;NOM(3;SG)	zaobilazim,zagušiti	V;PRS;NOM(3;SG)	zagušim
zagušiti	V;PRS;NOM(3;SG)	zagušim,razglasiti	V;PRS;NOM(3;SG)	razglasim
razglasiti	V;PRS;NOM(3;SG)	razglasim,štetiti	V;PRS;NOM(3;SG)	štetmem
štetiti	V;PRS;NOM(3;SG)	štetmem,rashladiti	V;PRS;NOM(3;SG)	rashladim
rashladiti	V;PRS;NOM(3;SG)	rashladim,zagraditi	V;PRS;NOM(3;SG)	zagradim
zagraditi	V;PRS;NOM(3;SG)	zagradim,zabrtviti	V;PRS;NOM(3;SG)	zabrtvim
zabrtviti	V;PRS;NOM(3;SG)	zabrtvim,priskočiti	V;PRS;NOM(3;SG)	priskočim
priskočiti	V;PRS;NOM(3;SG)	priskočim,zaprašiti	V;PRS;NOM(3;SG)	zaprašim
zaprašiti	V;PRS;NOM(3;SG)	zaprašim,krstariti	V;PRS;NOM(3;SG)	krstarim
krstariti	V;PRS;NOM(3;SG)	krstarim,poraziti	V;PRS;NOM(3;SG)	porazim
poraziti	V;PRS;NOM(3;SG)	porazim,zatreperiti	V;PRS;NOM(3;SG)	zatreperim
zatreperiti	V;PRS;NOM(3;SG)	zatreperim,kupiti	V;PRS;NOM(3;SG)	kupim
kupiti	V;PRS;NOM(3;SG)	kupim,spremiti	V;PRS;NOM(3;SG)	spremim
spremiti	V;PRS;NOM(3;SG)	spremim,mandaliti	V;PRS;NOM(3;SG)	mandalim
mandaliti	V;PRS;NOM(3;SG)	mandalim,zamijesiti	V;PRS;NOM(3;SG)	zamijesim
zamijesiti	V;PRS;NOM(3;SG)	zamijesim,pregrmjeti	V;PRS;NOM(3;SG)	pregrmjmem
pregrmjeti	V;PRS;NOM(3;SG)	pregrmjmem,prštati	V;PRS;NOM(3;SG)	prštam
prštati	V;PRS;NOM(3;SG)	prštam,pokupiti	V;PRS;NOM(3;SG)	pokupim
pokupiti	V;PRS;NOM(3;SG)	pokupim,pospješiti	V;PRS;NOM(3;SG)	pospješim
pospješiti	V;PRS;NOM(3;SG)	pospješim,usplahiriti	V;PRS;NOM(3;SG)	usplahirim
usplahiriti	V;PRS;NOM(3;SG)	usplahirim,prevaliti	V;PRS;NOM(3;SG)	prevalim
prevaliti	V;PRS;NOM(3;SG)	prevalim,grubjeti	V;PRS;NOM(3;SG)	grubjmem
grubjeti	V;PRS;NOM(3;SG)	grubjmem,izdovoljiti	V;PRS;NOM(3;SG)	izdovoljim
izdovoljiti	V;PRS;NOM(3;SG)	izdovoljim,nauditi	V;PRS;NOM(3;SG)	naudim
nauditi	V;PRS;NOM(3;SG)	naudim,prigrliti	V;PRS;NOM(3;SG)	prigrlim
prigrliti	V;PRS;NOM(3;SG)	prigrlim,izmjeniti	V;PRS;NOM(3;SG)	izmjenim
izmjeniti	V;PRS;NOM(3;SG)	izmjenim,oličiti	V;PRS;NOM(3;SG)	oličim
oličiti	V;PRS;NOM(3;SG)	oličim,iskupiti	V;PRS;NOM(3;SG)	iskupim
iskupiti	V;PRS;NOM(3;SG)	iskupim,pomiriti	V;PRS;NOM(3;SG)	pomirim
pomiriti	V;PRS;NOM(3;SG)	pomirim,usrećiti	V;PRS;NOM(3;SG)	usrećikem
usrećiti	V;PRS;NOM(3;SG)	usrećikem,žlijebiti	V;PRS;NOM(3;SG)	žlijebim
žlijebiti	V;PRS;NOM(3;SG)	žlijebim,vztjeti	V;PRS;NOM(3;SG)	vztjmem
vztjeti	V;PRS;NOM(3;SG)	vztjmem,zasoliti	V;PRS;NOM(3;SG)	zasolim
zasoliti	V;PRS;NOM(3;SG)	zasolim,pretpostaviti	V;PRS;NOM(3;SG)	pretpostavim
pretpostaviti	V;PRS;NOM(3;SG)	pretpostavim,poslaveniti	V;PRS;NOM(3;SG)	poslavenim
poslaveniti	V;PRS;NOM(3;SG)	poslavenim,podroniti	V;PRS;NOM(3;SG)	podronim
podroniti	V;PRS;NOM(3;SG)	podronim,zakočiti	V;PRS;NOM(3;SG)	zakočim
zakočiti	V;PRS;NOM(3;SG)	zakočim,sroditi	V;PRS;NOM(3;SG)	srodim
sroditi	V;PRS;NOM(3;SG)	srodim,zlorabiti	V;PRS;NOM(3;SG)	zlorabim
zlorabiti	V;PRS;NOM(3;SG)	zlorabim,prirediti	V;PRS;NOM(3;SG)	priredim
prirediti	V;PRS;NOM(3;SG)	priredim,izvztjeti	V;PRS;NOM(3;SG)	izvztjmem
izvztjeti	V;PRS;NOM(3;SG)	izvztjmem,zakriviti	V;PRS;NOM(3;SG)	zakrivim
zakriviti	V;PRS;NOM(3;SG)	zakrivim,letjeti	V;PRS;NOM(3;SG)	letjmem
letjeti	V;PRS;NOM(3;SG)	letjmem,cijeniti	V;PRS;NOM(3;SG)	cijenim
cijeniti	V;PRS;NOM(3;SG)	cijenim,odroniti	V;PRS;NOM(3;SG)	odronim
odroniti	V;PRS;NOM(3;SG)	odronim,srediti	V;PRS;NOM(3;SG)	sredim
srediti	V;PRS;NOM(3;SG)	sredim,primjeriti	V;PRS;NOM(3;SG)	primjerim
primjeriti	V;PRS;NOM(3;SG)	primjerim,bubriti	V;PRS;NOM(3;SG)	bubrim
bubriti	V;PRS;NOM(3;SG)	bubrim,mlatiti	V;PRS;NOM(3;SG)	mlatim
mlatiti	V;PRS;NOM(3;SG)	mlatim,ležati	V;PRS;NOM(3;SG)	ležam
ležati	V;PRS;NOM(3;SG)	ležam,povaliti	V;PRS;NOM(3;SG)	povalim
povaliti	V;PRS;NOM(3;SG)	povalim,iskoračiti	V;PRS;NOM(3;SG)	iskoračim
iskoračiti	V;PRS;NOM(3;SG)	iskoračim,razbuditi	V;PRS;NOM(3;SG)	razbudim
razbuditi	V;PRS;NOM(3;SG)	razbudim,javiti	V;PRS;NOM(3;SG)	javim
javiti	V;PRS;NOM(3;SG)	javim,prozujati	V;PRS;NOM(3;SG)	prozujam
prozujati	V;PRS;NOM(3;SG)	prozujam,žuljati	V;PRS;NOM(3;SG)	žuljam
žuljati	V;PRS;NOM(3;SG)	žuljam,poriti	V;PRS;NOM(3;SG)	porim
poriti	V;PRS;NOM(3;SG)	porim,potrčati	V;PRS;NOM(3;SG)	potrčam
potrčati	V;PRS;NOM(3;SG)	potrčam,nakititi	V;PRS;NOM(3;SG)	nakitim
nakititi	V;PRS;NOM(3;SG)	nakitim,knjižiti	V;PRS;NOM(3;SG)	knjižim
knjižiti	V;PRS;NOM(3;SG)	knjižim,prolomiti	V;PRS;NOM(3;SG)	prolomim
prolomiti	V;PRS;NOM(3;SG)	prolomim,prekrižiti	V;PRS;NOM(3;SG)	prekrižim
prekrižiti	V;PRS;NOM(3;SG)	prekrižim,okopnjeti	V;PRS;NOM(3;SG)	okopnjmem
okopnjeti	V;PRS;NOM(3;SG)	okopnjmem,istiještiti	V;PRS;NOM(3;SG)	istiještim
istiještiti	V;PRS;NOM(3;SG)	istiještsem,protusloviti	V;PRS;NOM(3;SG)	protuslovim
protusloviti	V;PRS;NOM(3;SG)	protuslovim,vjetriti	V;PRS;NOM(3;SG)	vjetrim
vjetriti	V;PRS;NOM(3;SG)	vjetrim,uraniti	V;PRS;NOM(3;SG)	uranim
uraniti	V;PRS;NOM(3;SG)	uranim,povlačiti	V;PRS;NOM(3;SG)	povlačim
povlačiti	V;PRS;NOM(3;SG)	povlačim,podmazivati	V;PRS;NOM(3;SG)	podmazivam
podmazivati	V;PRS;NOM(3;SG)	podmazivam,oduljivati	V;PRS;NOM(3;SG)	oduljivam
oduljivati	V;PRS;NOM(3;SG)	oduljivam,zavrbovati	V;PRS;NOM(3;SG)	zavrbovam
zavrbovati	V;PRS;NOM(3;SG)	zavrbovam,nasmijati	V;PRS;NOM(3;SG)	nasmijam
nasmijati	V;PRS;NOM(3;SG)	nasmijam,otvrdnjivati	V;PRS;NOM(3;SG)	otvrdnjivam
otvrdnjivati	V;PRS;NOM(3;SG)	otvrdnjivam,snužđivati	V;PRS;NOM(3;SG)	snužđivam
snužđivati	V;PRS;NOM(3;SG)	snužđivam,zgrijati	V;PRS;NOM(3;SG)	zgrijam
zgrijati	V;PRS;NOM(3;SG)	zgrijam,kumovati	V;PRS;NOM(3;SG)	kumovam
kumovati	V;PRS;NOM(3;SG)	kumovam,ismijati	V;PRS;NOM(3;SG)	ismijam
ismijati	V;PRS;NOM(3;SG)	ismijam,objelodanjivati	V;PRS;NOM(3;SG)	objelodanjivam
objelodanjivati	V;PRS;NOM(3;SG)	objelodanjivam,obavješćivati	V;PRS;NOM(3;SG)	obavješćivam
obavješćivati	V;PRS;NOM(3;SG)	obavješćivam,naviti	V;PRS;NOM(3;SG)	navim
naviti	V;PRS;NOM(3;SG)	navim,povjerovati	V;PRS;NOM(3;SG)	povjerovam
povjerovati	V;PRS;NOM(3;SG)	povjerovam,ocrnjivati	V;PRS;NOM(3;SG)	ocrnjivam
ocrnjivati	V;PRS;NOM(3;SG)	ocrnjivam,posijati	V;PRS;NOM(3;SG)	posijam
posijati	V;PRS;NOM(3;SG)	posijam,iskupljivati	V;PRS;NOM(3;SG)	iskupljivam
iskupljivati	V;PRS;NOM(3;SG)	iskupljivam,otpočinjati	V;PRS;NOM(3;SG)	otpočinjam
otpočinjati	V;PRS;NOM(3;SG)	otpočinjam,razdraživati	V;PRS;NOM(3;SG)	razdraživam
razdraživati	V;PRS;NOM(3;SG)	razdraživam,saznavati	V;PRS;NOM(3;SG)	saznavam
saznavati	V;PRS;NOM(3;SG)	saznavam,prosjajivati	V;PRS;NOM(3;SG)	prosjajivam
prosjajivati	V;PRS;NOM(3;SG)	prosjajivam,potrovati	V;PRS;NOM(3;SG)	potrovam
potrovati	V;PRS;NOM(3;SG)	potrovam,uklješćivati	V;PRS;NOM(3;SG)	uklješćivam
uklješćivati	V;PRS;NOM(3;SG)	uklješćivam,zakrčivati	V;PRS;NOM(3;SG)	zakrčivam
zakrčivati	V;PRS;NOM(3;SG)	zakrčivam,urezivati	V;PRS;NOM(3;SG)	urezivam
urezivati	V;PRS;NOM(3;SG)	urezivam,prijateljevati	V;PRS;NOM(3;SG)	prijateljevam
prijateljevati	V;PRS;NOM(3;SG)	prijateljevam,obrazovati	V;PRS;NOM(3;SG)	obrazovam
obrazovati	V;PRS;NOM(3;SG)	obrazovam,ispuhivati	V;PRS;NOM(3;SG)	ispuhivam
ispuhivati	V;PRS;NOM(3;SG)	ispuhivam,prokapljivati	V;PRS;NOM(3;SG)	prokapljivam
prokapljivati	V;PRS;NOM(3;SG)	prokapljivam,dopisivati	V;PRS;NOM(3;SG)	dopisivam
dopisivati	V;PRS;NOM(3;SG)	dopisivam,pogodovati	V;PRS;NOM(3;SG)	pogodovam
pogodovati	V;PRS;NOM(3;SG)	pogodovam,izrugivati	V;PRS;NOM(3;SG)	izrugivam
izrugivati	V;PRS;NOM(3;SG)	izrugivam,isušivati	V;PRS;NOM(3;SG)	isušivam
isušivati	V;PRS;NOM(3;SG)	isušivam,učlanjivati	V;PRS;NOM(3;SG)	učlanjivam
učlanjivati	V;PRS;NOM(3;SG)	učlanjivam,prerezivati	V;PRS;NOM(3;SG)	prerezivam
prerezivati	V;PRS;NOM(3;SG)	prerezivam,žalovati	V;PRS;NOM(3;SG)	žalovam
žalovati	V;PRS;NOM(3;SG)	žalovam,stupnjevati	V;PRS;NOM(3;SG)	stupnjevam
stupnjevati	V;PRS;NOM(3;SG)	stupnjevam,raširivati	V;PRS;NOM(3;SG)	raširivam
raširivati	V;PRS;NOM(3;SG)	raširivam,dokazivati	V;PRS;NOM(3;SG)	dokazivam
dokazivati	V;PRS;NOM(3;SG)	dokazivam,doimati	V;PRS;NOM(3;SG)	doimam
doimati	V;PRS;NOM(3;SG)	doimam,promašivati	V;PRS;NOM(3;SG)	promašivam
promašivati	V;PRS;NOM(3;SG)	promašivam,zaprepašćivati	V;PRS;NOM(3;SG)	zaprepašćivam
zaprepašćivati	V;PRS;NOM(3;SG)	zaprepašćivam,priskrbljivati	V;PRS;NOM(3;SG)	priskrbljivam
priskrbljivati	V;PRS;NOM(3;SG)	priskrbljivam,napinjati	V;PRS;NOM(3;SG)	napinjam
napinjati	V;PRS;NOM(3;SG)	napinjam,smanjivati	V;PRS;NOM(3;SG)	smanjivam
smanjivati	V;PRS;NOM(3;SG)	smanjivam,skrućivati	V;PRS;NOM(3;SG)	skrućivam
skrućivati	V;PRS;NOM(3;SG)	skrućivam,ograđivati	V;PRS;NOM(3;SG)	ograđivam
ograđivati	V;PRS;NOM(3;SG)	ograđivam,razjarivati	V;PRS;NOM(3;SG)	razjarivam
razjarivati	V;PRS;NOM(3;SG)	razjarivam,načuti	V;PRS;NOM(3;SG)	načmem
načuti	V;PRS;NOM(3;SG)	načmem,pouzdavati	V;PRS;NOM(3;SG)	pouzdavam
pouzdavati	V;PRS;NOM(3;SG)	pouzdavam,smućivati	V;PRS;NOM(3;SG)	smućivam
smućivati	V;PRS;NOM(3;SG)	smućivam,sniti	V;PRS;NOM(3;SG)	snim
sniti	V;PRS;NOM(3;SG)	snim,odliti	V;PRS;NOM(3;SG)	odlim
odliti	V;PRS;NOM(3;SG)	odlim,trgovati	V;PRS;NOM(3;SG)	trgovam
trgovati	V;PRS;NOM(3;SG)	trgovam,objavljivati	V;PRS;NOM(3;SG)	objavljivam
objavljivati	V;PRS;NOM(3;SG)	objavljivam,zaglupljivati	V;PRS;NOM(3;SG)	zaglupljivam
zaglupljivati	V;PRS;NOM(3;SG)	zaglupljivam,utrkivati	V;PRS;NOM(3;SG)	utrkivam
utrkivati	V;PRS;NOM(3;SG)	utrkivam,zabiti	V;PRS;NOM(3;SG)	zabim
zabiti	V;PRS;NOM(3;SG)	zabim,dograđivati	V;PRS;NOM(3;SG)	dograđivam
dograđivati	V;PRS;NOM(3;SG)	dograđivam,ispsovati	V;PRS;NOM(3;SG)	ispsovam
ispsovati	V;PRS;NOM(3;SG)	ispsovam,uznapredovati	V;PRS;NOM(3;SG)	uznapredovam
uznapredovati	V;PRS;NOM(3;SG)	uznapredovam,zaobljivati	V;PRS;NOM(3;SG)	zaobljivam
zaobljivati	V;PRS;NOM(3;SG)	zaobljivam,ukoričivati	V;PRS;NOM(3;SG)	ukoričivam
ukoričivati	V;PRS;NOM(3;SG)	ukoričivam,gostovati	V;PRS;NOM(3;SG)	gostovam
gostovati	V;PRS;NOM(3;SG)	gostovam,oviti	V;PRS;NOM(3;SG)	ovim
oviti	V;PRS;NOM(3;SG)	ovim,zamračivati	V;PRS;NOM(3;SG)	zamračivam
zamračivati	V;PRS;NOM(3;SG)	zamračivam,ustrajati	V;PRS;NOM(3;SG)	ustrajam
ustrajati	V;PRS;NOM(3;SG)	ustrajam,podnapiti	V;PRS;NOM(3;SG)	podnapim
podnapiti	V;PRS;NOM(3;SG)	podnapim,izrađivati	V;PRS;NOM(3;SG)	izrađivam
izrađivati	V;PRS;NOM(3;SG)	izrađivam,izduživati	V;PRS;NOM(3;SG)	izduživam
izduživati	V;PRS;NOM(3;SG)	izduživam,zaređivati	V;PRS;NOM(3;SG)	zaređivam
zaređivati	V;PRS;NOM(3;SG)	zaređivam,pristajati	V;PRS;NOM(3;SG)	pristajam
pristajati	V;PRS;NOM(3;SG)	pristajam,potvrđivati	V;PRS;NOM(3;SG)	potvrđivam
potvrđivati	V;PRS;NOM(3;SG)	potvrđivam,božićevati	V;PRS;NOM(3;SG)	božićevam
božićevati	V;PRS;NOM(3;SG)	božićevam,natkriti	V;PRS;NOM(3;SG)	natkrim
natkriti	V;PRS;NOM(3;SG)	natkrim,prekovati	V;PRS;NOM(3;SG)	prekovam
prekovati	V;PRS;NOM(3;SG)	prekovam,nahrupljivati	V;PRS;NOM(3;SG)	nahrupljivam
nahrupljivati	V;PRS;NOM(3;SG)	nahrupljivam,začuti	V;PRS;NOM(3;SG)	začmem
začuti	V;PRS;NOM(3;SG)	začmem,hukati	V;PRS;NOM(3;SG)	hukam
hukati	V;PRS;NOM(3;SG)	hukam,šmrknuti	V;PRS;NOM(3;SG)	šmrknem
šmrknuti	V;PRS;NOM(3;SG)	šmrknem,nadići	V;PRS;NOM(3;SG)	nadikem
nadići	V;PRS;NOM(3;SG)	nadikem,isklesati	V;PRS;NOM(3;SG)	isklesam
isklesati	V;PRS;NOM(3;SG)	isklesam,zabosti	V;PRS;NOM(3;SG)	zabosem
zabosti	V;PRS;NOM(3;SG)	zabosem,zderati	V;PRS;NOM(3;SG)	zderam
zderati	V;PRS;NOM(3;SG)	zderam,poodmaći	V;PRS;NOM(3;SG)	poodmakem
poodmaći	V;PRS;NOM(3;SG)	poodmakem,dopirati	V;PRS;NOM(3;SG)	dopiram
dopirati	V;PRS;NOM(3;SG)	dopiram,okretati	V;PRS;NOM(3;SG)	okretam
okretati	V;PRS;NOM(3;SG)	okretam,susresti	V;PRS;NOM(3;SG)	susresem
susresti	V;PRS;NOM(3;SG)	susresem,obrecnuti	V;PRS;NOM(3;SG)	obrecnem
obrecnuti	V;PRS;NOM(3;SG)	obrecnem,umirati	V;PRS;NOM(3;SG)	umiram
umirati	V;PRS;NOM(3;SG)	umiram,iščeznuti	V;PRS;NOM(3;SG)	iščeznem
iščeznuti	V;PRS;NOM(3;SG)	iščeznem,prozepsti	V;PRS;NOM(3;SG)	prozenem
prozepsti	V;PRS;NOM(3;SG)	prozenem,umuknuti	V;PRS;NOM(3;SG)	umuknem
umuknuti	V;PRS;NOM(3;SG)	umuknem,gakati	V;PRS;NOM(3;SG)	gakam
gakati	V;PRS;NOM(3;SG)	gakam,prozirati	V;PRS;NOM(3;SG)	proziram
prozirati	V;PRS;NOM(3;SG)	proziram,ukinuti	V;PRS;NOM(3;SG)	ukinem
ukinuti	V;PRS;NOM(3;SG)	ukinem,ruknuti	V;PRS;NOM(3;SG)	ruknem
ruknuti	V;PRS;NOM(3;SG)	ruknem,ljutnuti	V;PRS;NOM(3;SG)	ljutnem
ljutnuti	V;PRS;NOM(3;SG)	ljutnem,ispolagati	V;PRS;NOM(3;SG)	ispolagam
ispolagati	V;PRS;NOM(3;SG)	ispolagam,sklonuti	V;PRS;NOM(3;SG)	sklonem
sklonuti	V;PRS;NOM(3;SG)	sklonem,zavući	V;PRS;NOM(3;SG)	zavukem
zavući	V;PRS;NOM(3;SG)	zavukem,polizati	V;PRS;NOM(3;SG)	polizam
polizati	V;PRS;NOM(3;SG)	polizam,pripisati	V;PRS;NOM(3;SG)	pripisam
pripisati	V;PRS;NOM(3;SG)	pripisam,odjahati	V;PRS;NOM(3;SG)	odjaham
odjahati	V;PRS;NOM(3;SG)	odjaham,izdupsti	V;PRS;NOM(3;SG)	izdunem
izdupsti	V;PRS;NOM(3;SG)	izdunem,posrati	V;PRS;NOM(3;SG)	posram
posrati	V;PRS;NOM(3;SG)	posram,podlegnuti	V;PRS;NOM(3;SG)	podlegnem
podlegnuti	V;PRS;NOM(3;SG)	podlegnem,odgristi	V;PRS;NOM(3;SG)	odgrisem
odgristi	V;PRS;NOM(3;SG)	odgrisem,požderati	V;PRS;NOM(3;SG)	požderam
požderati	V;PRS;NOM(3;SG)	požderam,naviknuti	V;PRS;NOM(3;SG)	naviknem
naviknuti	V;PRS;NOM(3;SG)	naviknem,proždirati	V;PRS;NOM(3;SG)	proždiram
proždirati	V;PRS;NOM(3;SG)	proždiram,odrezati	V;PRS;NOM(3;SG)	odrezam
odrezati	V;PRS;NOM(3;SG)	odrezam,izmusti	V;PRS;NOM(3;SG)	izmusem
izmusti	V;PRS;NOM(3;SG)	izmusem,ždrijeti	V;PRS;NOM(3;SG)	ždrem
ždrijeti	V;PRS;NOM(3;SG)	ždrem,odahnuti	V;PRS;NOM(3;SG)	odahnem
odahnuti	V;PRS;NOM(3;SG)	odahnem,domahnuti	V;PRS;NOM(3;SG)	domahnem
domahnuti	V;PRS;NOM(3;SG)	domahnem,prikrasti	V;PRS;NOM(3;SG)	prikrasem
prikrasti	V;PRS;NOM(3;SG)	prikrasem,zagrcnuti	V;PRS;NOM(3;SG)	zagrcnem
zagrcnuti	V;PRS;NOM(3;SG)	zagrcnem,zasjeći	V;PRS;NOM(3;SG)	zasjekem
zasjeći	V;PRS;NOM(3;SG)	zasjekem,zadići	V;PRS;NOM(3;SG)	zadikem
zadići	V;PRS;NOM(3;SG)	zadikem,zavrtati	V;PRS;NOM(3;SG)	zavrtam
zavrtati	V;PRS;NOM(3;SG)	zavrtam,iskati	V;PRS;NOM(3;SG)	iskam
iskati	V;PRS;NOM(3;SG)	iskam,zastrijeti	V;PRS;NOM(3;SG)	zastrem
zastrijeti	V;PRS;NOM(3;SG)	zastrem,frktati	V;PRS;NOM(3;SG)	frktam
frktati	V;PRS;NOM(3;SG)	frktam,zazirati	V;PRS;NOM(3;SG)	zaziram
zazirati	V;PRS;NOM(3;SG)	zaziram,drznuti	V;PRS;NOM(3;SG)	drznem
drznuti	V;PRS;NOM(3;SG)	drznem,uvirati	V;PRS;NOM(3;SG)	uviram
uvirati	V;PRS;NOM(3;SG)	uviram,prometati	V;PRS;NOM(3;SG)	prometam
prometati	V;PRS;NOM(3;SG)	prometam,izbrisati	V;PRS;NOM(3;SG)	izbrisam
izbrisati	V;PRS;NOM(3;SG)	izbrisam,stresti	V;PRS;NOM(3;SG)	stresem
stresti	V;PRS;NOM(3;SG)	stresem,pregristi	V;PRS;NOM(3;SG)	pregrisem
pregristi	V;PRS;NOM(3;SG)	pregrisem,smaknuti	V;PRS;NOM(3;SG)	smaknem
smaknuti	V;PRS;NOM(3;SG)	smaknem,otjecati	V;PRS;NOM(3;SG)	otjecam
otjecati	V;PRS;NOM(3;SG)	otjecam,musti	V;PRS;NOM(3;SG)	musem
musti	V;PRS;NOM(3;SG)	musem,cvrcnuti	V;PRS;NOM(3;SG)	cvrcnem
cvrcnuti	V;PRS;NOM(3;SG)	cvrcnem,otesati	V;PRS;NOM(3;SG)	otesam
otesati	V;PRS;NOM(3;SG)	otesam,vinuti	V;PRS;NOM(3;SG)	vinem
vinuti	V;PRS;NOM(3;SG)	vinem,isplakati	V;PRS;NOM(3;SG)	isplakam
isplakati	V;PRS;NOM(3;SG)	isplakam,dokinuti	V;PRS;NOM(3;SG)	dokinem
dokinuti	V;PRS;NOM(3;SG)	dokinem,dotaći	V;PRS;NOM(3;SG)	dotakem
dotaći	V;PRS;NOM(3;SG)	dotakem,nalijegati	V;PRS;NOM(3;SG)	nalijegam
nalijegati	V;PRS;NOM(3;SG)	nalijegam,izvući	V;PRS;NOM(3;SG)	izvukem
izvući	V;PRS;NOM(3;SG)	izvukem,sapeti	V;PRS;NOM(3;SG)	sapmem
sapeti	V;PRS;NOM(3;SG)	sapmem,nadoći	V;PRS;NOM(3;SG)	nadokem
nadoći	V;PRS;NOM(3;SG)	nadokem,priteći	V;PRS;NOM(3;SG)	pritekem
priteći	V;PRS;NOM(3;SG)	pritekem,umrijeti	V;PRS;NOM(3;SG)	umrem
umrijeti	V;PRS;NOM(3;SG)	umrem,razrasti	V;PRS;NOM(3;SG)	razrasem
razrasti	V;PRS;NOM(3;SG)	razrasem,nagristi	V;PRS;NOM(3;SG)	nagrisem
nagristi	V;PRS;NOM(3;SG)	nagrisem,potpisati	V;PRS;NOM(3;SG)	potpisam
potpisati	V;PRS;NOM(3;SG)	potpisam,izvesti	V;PRS;NOM(3;SG)	izvesem
izvesti	V;PRS;NOM(3;SG)	izvesem,iskrasti	V;PRS;NOM(3;SG)	iskrasem
iskrasti	V;PRS;NOM(3;SG)	iskrasem,odgonetnuti	V;PRS;NOM(3;SG)	odgonetnem
odgonetnuti	V;PRS;NOM(3;SG)	odgonetnem,odlaknuti	V;PRS;NOM(3;SG)	odlaknem
odlaknuti	V;PRS;NOM(3;SG)	odlaknem,doprijeti	V;PRS;NOM(3;SG)	doprem
doprijeti	V;PRS;NOM(3;SG)	doprem,ižvakati	V;PRS;NOM(3;SG)	ižvakam
ižvakati	V;PRS;NOM(3;SG)	ižvakam,zanijekati	V;PRS;NOM(3;SG)	zanijekam
zanijekati	V;PRS;NOM(3;SG)	zanijekam,zapeći	V;PRS;NOM(3;SG)	zapekem
zapeći	V;PRS;NOM(3;SG)	zapekem,moći	V;PRS;NOM(3;SG)	mokem
moći	V;PRS;NOM(3;SG)	mokem,narisati	V;PRS;NOM(3;SG)	narisam
narisati	V;PRS;NOM(3;SG)	narisam,nanijeti	V;PRS;NOM(3;SG)	nanijmem
nanijeti	V;PRS;NOM(3;SG)	nanijmem,preokretati	V;PRS;NOM(3;SG)	preokretam
preokretati	V;PRS;NOM(3;SG)	preokretam,klopotati	V;PRS;NOM(3;SG)	klopotam
klopotati	V;PRS;NOM(3;SG)	klopotam,doseći	V;PRS;NOM(3;SG)	dosekem
doseći	V;PRS;NOM(3;SG)	dosekem,protepsti	V;PRS;NOM(3;SG)	protenem
protepsti	V;PRS;NOM(3;SG)	protenem,snaći	V;PRS;NOM(3;SG)	snakem
snaći	V;PRS;NOM(3;SG)	snakem,razvezati	V;PRS;NOM(3;SG)	razvezam
razvezati	V;PRS;NOM(3;SG)	razvezam,dostići	V;PRS;NOM(3;SG)	dostsem
dostići	V;PRS;NOM(3;SG)	dostsem,greznuti	V;PRS;NOM(3;SG)	greznem
greznuti	V;PRS;NOM(3;SG)	greznem,okrznuti	V;PRS;NOM(3;SG)	okrznem
okrznuti	V;PRS;NOM(3;SG)	okrznem,saprati	V;PRS;NOM(3;SG)	sapram
saprati	V;PRS;NOM(3;SG)	sapram,pjevnuti	V;PRS;NOM(3;SG)	pjevnem
pjevnuti	V;PRS;NOM(3;SG)	pjevnem,zavrgnuti	V;PRS;NOM(3;SG)	zavrgnem
zavrgnuti	V;PRS;NOM(3;SG)	zavrgnem,obrtati	V;PRS;NOM(3;SG)	obrtam
obrtati	V;PRS;NOM(3;SG)	obrtam,poći	V;PRS;NOM(3;SG)	pokem
poći	V;PRS;NOM(3;SG)	pokem,prerasti	V;PRS;NOM(3;SG)	prerasem
prerasti	V;PRS;NOM(3;SG)	prerasem,obamrijeti	V;PRS;NOM(3;SG)	obamrem
obamrijeti	V;PRS;NOM(3;SG)	obamrem,odapeti	V;PRS;NOM(3;SG)	odapmem
odapeti	V;PRS;NOM(3;SG)	odapmem,sjesti	V;PRS;NOM(3;SG)	sjesem
sjesti	V;PRS;NOM(3;SG)	sjesem,nakresati	V;PRS;NOM(3;SG)	nakresam
nakresati	V;PRS;NOM(3;SG)	nakresam,zateći	V;PRS;NOM(3;SG)	zatekem
zateći	V;PRS;NOM(3;SG)	zatekem,pomirisati	V;PRS;NOM(3;SG)	pomirisam
pomirisati	V;PRS;NOM(3;SG)	pomirisam,postati	V;PRS;NOM(3;SG)	postam
postati	V;PRS;NOM(3;SG)	postam,klizati	V;PRS;NOM(3;SG)	klizam
klizati	V;PRS;NOM(3;SG)	klizam,minuti	V;PRS;NOM(3;SG)	minem
minuti	V;PRS;NOM(3;SG)	minem,prasnuti	V;PRS;NOM(3;SG)	prasnem
prasnuti	V;PRS;NOM(3;SG)	prasnem,trenuti	V;PRS;NOM(3;SG)	trenem
trenuti	V;PRS;NOM(3;SG)	trenem,izokretati	V;PRS;NOM(3;SG)	izokretam
izokretati	V;PRS;NOM(3;SG)	izokretam,zamahnuti	V;PRS;NOM(3;SG)	zamahnem
zamahnuti	V;PRS;NOM(3;SG)	zamahnem,poderati	V;PRS;NOM(3;SG)	poderam
poderati	V;PRS;NOM(3;SG)	poderam,utrnuti	V;PRS;NOM(3;SG)	utrnem
utrnuti	V;PRS;NOM(3;SG)	utrnem,uprijeti	V;PRS;NOM(3;SG)	uprem
uprijeti	V;PRS;NOM(3;SG)	uprem,primicati	V;PRS;NOM(3;SG)	primicam
primicati	V;PRS;NOM(3;SG)	primicam,iskazati	V;PRS;NOM(3;SG)	iskazam
iskazati	V;PRS;NOM(3;SG)	iskazam,izorati	V;PRS;NOM(3;SG)	izoram
izorati	V;PRS;NOM(3;SG)	izoram,zajesti	V;PRS;NOM(3;SG)	zajesem
zajesti	V;PRS;NOM(3;SG)	zajesem,prevagnuti	V;PRS;NOM(3;SG)	prevagnem
prevagnuti	V;PRS;NOM(3;SG)	prevagnem,virnuti	V;PRS;NOM(3;SG)	virnem
virnuti	V;PRS;NOM(3;SG)	virnem,lizati	V;PRS;NOM(3;SG)	lizam
lizati	V;PRS;NOM(3;SG)	lizam,nasuti	V;PRS;NOM(3;SG)	nasmem
